estimation_id,region_id,simd_width,global_size,local_size,thread_count,time,speed_up,bounded_by
0,5,8,"(10001,)","(8,)",1251,8.721746682617734,6.622752945395496,Compute
1,5,8,"(10001,)","(16,)",1251,8.721746682617734,6.622752945395496,Compute
2,5,8,"(10001,)","(32,)",1251,8.721746682617734,6.622752945395496,Compute
3,5,8,"(10001,)","(64,)",1251,8.721746682617734,6.622752945395496,Compute
4,5,8,"(10001,)","(128,)",1251,8.721746682617734,6.622752945395496,Compute
5,5,8,"(10001,)","(256,)",1251,8.721746682617734,6.622752945395496,Compute
6,5,16,"(10001,)","(8,)",1251,13.114629232544559,4.4043924160632,Compute
7,5,16,"(10001,)","(16,)",626,9.951201756835767,5.804522402695899,Compute
8,5,16,"(10001,)","(32,)",626,9.951201756835767,5.804522402695899,Compute
9,5,16,"(10001,)","(64,)",626,9.951201756835767,5.804522402695899,Compute
10,5,16,"(10001,)","(128,)",626,9.951201756835767,5.804522402695899,Compute
11,5,16,"(10001,)","(256,)",626,9.951201756835767,5.804522402695899,Compute
12,5,32,"(10001,)","(8,)",1251,21.900394332398207,2.637485547273923,Compute
13,5,32,"(10001,)","(16,)",626,15.808378490071535,3.653883512947103,Compute
14,5,32,"(10001,)","(32,)",313,8.025757538378794,7.1970743266395685,Compute
15,5,32,"(10001,)","(64,)",313,8.025757538378794,7.1970743266395685,Compute
16,5,32,"(10001,)","(128,)",313,8.025757538378794,7.1970743266395685,Compute
17,5,32,"(10001,)","(256,)",313,8.025757538378794,7.1970743266395685,Compute
18,5,8,"(10001,)","(8,)",1251,8.721746682617734,6.622752945395496,Compute
19,5,8,"(10001,)","(16,)",1251,8.721746682617734,6.622752945395496,Compute
20,5,8,"(10001,)","(32,)",1251,8.721746682617734,6.622752945395496,Compute
21,5,8,"(10001,)","(64,)",1251,8.721746682617734,6.622752945395496,Compute
22,5,8,"(10001,)","(128,)",1251,8.721746682617734,6.622752945395496,Compute
23,5,8,"(10001,)","(256,)",1251,8.721746682617734,6.622752945395496,Compute
24,5,16,"(10001,)","(8,)",1251,13.114629232544559,4.4043924160632,Compute
25,5,16,"(10001,)","(16,)",626,9.951201756835767,5.804522402695899,Compute
26,5,16,"(10001,)","(32,)",626,9.951201756835767,5.804522402695899,Compute
27,5,16,"(10001,)","(64,)",626,9.951201756835767,5.804522402695899,Compute
28,5,16,"(10001,)","(128,)",626,9.951201756835767,5.804522402695899,Compute
29,5,16,"(10001,)","(256,)",626,9.951201756835767,5.804522402695899,Compute
30,5,32,"(10001,)","(8,)",1251,21.900394332398207,2.637485547273923,Compute
31,5,32,"(10001,)","(16,)",626,15.808378490071535,3.653883512947103,Compute
32,5,32,"(10001,)","(32,)",313,8.025757538378794,7.1970743266395685,Compute
33,5,32,"(10001,)","(64,)",313,8.025757538378794,7.1970743266395685,Compute
34,5,32,"(10001,)","(128,)",313,8.025757538378794,7.1970743266395685,Compute
35,5,32,"(10001,)","(256,)",313,8.025757538378794,7.1970743266395685,Compute
36,323,8,"(200,)","(8,)",25,20.958228746327276,2.2957854577205987,Trip_Count
37,323,8,"(200, 300)","(1, 8)",7600,7.747007701024241,6.210862133135424,Compute
38,323,8,"(200,)","(16,)",25,20.958228746327276,2.2957854577205987,Trip_Count
39,323,8,"(200, 300)","(1, 16)",7600,7.747007701024241,6.210862133135424,Compute
40,323,8,"(200,)","(32,)",25,20.958228746327276,2.2957854577205987,Trip_Count
41,323,8,"(200, 300)","(1, 32)",7600,7.747007701024241,6.210862133135424,Compute
42,323,8,"(200,)","(64,)",25,20.958228746327276,2.2957854577205987,Trip_Count
43,323,8,"(200, 300)","(1, 64)",7600,7.747007701024241,6.210862133135424,Compute
44,323,8,"(200,)","(128,)",25,30.14720506450909,1.5960218093996463,Trip_Count
45,323,8,"(200, 300)","(1, 128)",7600,7.747007701024241,6.210862133135424,Compute
46,323,8,"(200,)","(256,)",25,48.52515770087273,0.9915598228861524,Trip_Count
47,323,8,"(200, 300)","(1, 256)",7600,7.747007701024241,6.210862133135424,Compute
48,323,8,"(200, 300)","(2, 4)",7500,7.752753155569696,6.206259351986849,Compute
49,323,8,"(200, 300)","(2, 8)",7500,7.752753155569696,6.206259351986849,Compute
50,323,8,"(200, 300)","(2, 16)",7500,7.752753155569696,6.206259351986849,Compute
51,323,8,"(200, 300)","(2, 32)",7500,7.752753155569696,6.206259351986849,Compute
52,323,8,"(200, 300)","(2, 64)",7500,7.752753155569696,6.206259351986849,Compute
53,323,8,"(200, 300)","(2, 128)",7500,7.752753155569696,6.206259351986849,Compute
54,323,8,"(200, 300)","(4, 2)",7500,7.752753155569696,6.206259351986849,Compute
55,323,8,"(200, 300)","(4, 4)",7500,7.752753155569696,6.206259351986849,Compute
56,323,8,"(200, 300)","(4, 8)",7500,7.752753155569696,6.206259351986849,Compute
57,323,8,"(200, 300)","(4, 16)",7500,7.752753155569696,6.206259351986849,Compute
58,323,8,"(200, 300)","(4, 32)",7500,7.752753155569696,6.206259351986849,Compute
59,323,8,"(200, 300)","(4, 64)",7500,7.994116299963634,6.018876254729852,Compute
60,323,8,"(200, 300)","(8, 1)",7500,7.752753155569696,6.206259351986849,Compute
61,323,8,"(200, 300)","(8, 2)",7500,7.752753155569696,6.206259351986849,Compute
62,323,8,"(200, 300)","(8, 4)",7500,7.752753155569696,6.206259351986849,Compute
63,323,8,"(200, 300)","(8, 8)",7500,7.752753155569696,6.206259351986849,Compute
64,323,8,"(200, 300)","(8, 16)",7500,7.752753155569696,6.206259351986849,Compute
65,323,8,"(200, 300)","(8, 32)",7500,7.752753155569696,6.206259351986849,Compute
66,323,8,"(200, 300)","(16, 1)",7500,7.752753155569696,6.206259351986849,Compute
67,323,8,"(200, 300)","(16, 2)",7500,7.752753155569696,6.206259351986849,Compute
68,323,8,"(200, 300)","(16, 4)",7500,7.752753155569696,6.206259351986849,Compute
69,323,8,"(200, 300)","(16, 8)",7500,7.752753155569696,6.206259351986849,Compute
70,323,8,"(200, 300)","(16, 16)",7500,7.752753155569696,6.206259351986849,Compute
71,323,8,"(200, 300)","(32, 1)",7500,7.752753155569696,6.206259351986849,Compute
72,323,8,"(200, 300)","(32, 2)",7500,7.752753155569696,6.206259351986849,Compute
73,323,8,"(200, 300)","(32, 4)",7500,7.752753155569696,6.206259351986849,Compute
74,323,8,"(200, 300)","(32, 8)",7500,7.752753155569696,6.206259351986849,Compute
75,323,8,"(200, 300)","(64, 1)",7500,7.752753155569696,6.206259351986849,Compute
76,323,8,"(200, 300)","(64, 2)",7500,7.752753155569696,6.206259351986849,Compute
77,323,8,"(200, 300)","(64, 4)",7500,7.752753155569696,6.206259351986849,Compute
78,323,8,"(200, 300)","(128, 1)",7500,7.752753155569696,6.206259351986849,Compute
79,323,8,"(200, 300)","(128, 2)",7500,7.752753155569696,6.206259351986849,Compute
80,323,8,"(200, 300)","(256, 1)",7500,7.752753155569696,6.206259351986849,Compute
81,323,16,"(200,)","(8,)",25,30.14720506450909,1.5960218093996463,Trip_Count
82,323,16,"(200, 300)","(1, 8)",7600,11.39628115572121,4.22204367529532,Compute
83,323,16,"(200,)","(16,)",13,30.021141428145455,1.6027237635372047,Trip_Count
84,323,16,"(200, 300)","(1, 16)",3800,7.753479936327272,6.205677601610168,Compute
85,323,16,"(200,)","(32,)",13,30.021141428145455,1.6027237635372047,Trip_Count
86,323,16,"(200, 300)","(1, 32)",3800,7.753479936327272,6.205677601610168,Compute
87,323,16,"(200,)","(64,)",13,30.021141428145455,1.6027237635372047,Trip_Count
88,323,16,"(200, 300)","(1, 64)",3800,7.753479936327272,6.205677601610168,Compute
89,323,16,"(200,)","(128,)",13,30.021141428145455,1.6027237635372047,Trip_Count
90,323,16,"(200, 300)","(1, 128)",3800,7.753479936327272,6.205677601610168,Compute
91,323,16,"(200,)","(256,)",13,48.3990940645091,0.9941425083549857,Trip_Count
92,323,16,"(200, 300)","(1, 256)",3800,7.753479936327272,6.205677601610168,Compute
93,323,16,"(200, 300)","(2, 4)",7500,11.402026610266665,4.219916197360521,Compute
94,323,16,"(200, 300)","(2, 8)",3800,7.753479936327272,6.205677601610168,Compute
95,323,16,"(200, 300)","(2, 16)",3800,7.753479936327272,6.205677601610168,Compute
96,323,16,"(200, 300)","(2, 32)",3800,7.753479936327272,6.205677601610168,Compute
97,323,16,"(200, 300)","(2, 64)",3800,7.753479936327272,6.205677601610168,Compute
98,323,16,"(200, 300)","(2, 128)",3800,7.753479936327272,6.205677601610168,Compute
99,323,16,"(200, 300)","(4, 2)",7500,11.402026610266665,4.219916197360521,Compute
100,323,16,"(200, 300)","(4, 4)",3750,7.7563526635999995,6.2033791992469585,Compute
101,323,16,"(200, 300)","(4, 8)",3750,7.7563526635999995,6.2033791992469585,Compute
102,323,16,"(200, 300)","(4, 16)",3750,7.7563526635999995,6.2033791992469585,Compute
103,323,16,"(200, 300)","(4, 32)",3750,7.7563526635999995,6.2033791992469585,Compute
104,323,16,"(200, 300)","(4, 64)",3750,7.7563526635999995,6.2033791992469585,Compute
105,323,16,"(200, 300)","(8, 1)",7500,11.402026610266665,4.219916197360521,Compute
106,323,16,"(200, 300)","(8, 2)",3750,7.7563526635999995,6.2033791992469585,Compute
107,323,16,"(200, 300)","(8, 4)",3750,7.7563526635999995,6.2033791992469585,Compute
108,323,16,"(200, 300)","(8, 8)",3750,7.7563526635999995,6.2033791992469585,Compute
109,323,16,"(200, 300)","(8, 16)",3750,7.7563526635999995,6.2033791992469585,Compute
110,323,16,"(200, 300)","(8, 32)",3750,7.7563526635999995,6.2033791992469585,Compute
111,323,16,"(200, 300)","(16, 1)",3900,7.746552663599999,6.211226963122402,Compute
112,323,16,"(200, 300)","(16, 2)",3750,7.7563526635999995,6.2033791992469585,Compute
113,323,16,"(200, 300)","(16, 4)",3750,7.7563526635999995,6.2033791992469585,Compute
114,323,16,"(200, 300)","(16, 8)",3750,7.7563526635999995,6.2033791992469585,Compute
115,323,16,"(200, 300)","(16, 16)",3750,7.7563526635999995,6.2033791992469585,Compute
116,323,16,"(200, 300)","(32, 1)",3900,7.746552663599999,6.211226963122402,Compute
117,323,16,"(200, 300)","(32, 2)",3750,7.7563526635999995,6.2033791992469585,Compute
118,323,16,"(200, 300)","(32, 4)",3750,7.7563526635999995,6.2033791992469585,Compute
119,323,16,"(200, 300)","(32, 8)",3750,7.7563526635999995,6.2033791992469585,Compute
120,323,16,"(200, 300)","(64, 1)",3900,7.746552663599999,6.211226963122402,Compute
121,323,16,"(200, 300)","(64, 2)",3750,7.7563526635999995,6.2033791992469585,Compute
122,323,16,"(200, 300)","(64, 4)",3750,7.7563526635999995,6.2033791992469585,Compute
123,323,16,"(200, 300)","(128, 1)",3900,7.746552663599999,6.211226963122402,Compute
124,323,16,"(200, 300)","(128, 2)",3750,7.7563526635999995,6.2033791992469585,Compute
125,323,16,"(200, 300)","(256, 1)",3900,7.746552663599999,6.211226963122402,Compute
126,323,32,"(200,)","(8,)",25,48.52515770087273,0.9915598228861524,Trip_Count
127,323,32,"(200, 300)","(1, 8)",7600,18.69482806511515,2.5737383948015258,Compute
128,323,32,"(200,)","(16,)",13,48.3990940645091,0.9941425083549857,Trip_Count
129,323,32,"(200, 300)","(1, 16)",3800,11.617416535418181,4.141677853136218,Compute
130,323,32,"(200,)","(32,)",7,47.799194064509095,1.00661941518227,Trip_Count
131,323,32,"(200, 300)","(1, 32)",2000,8.06620622511515,5.9650838861007545,Compute
132,323,32,"(200,)","(64,)",7,47.799194064509095,1.00661941518227,Trip_Count
133,323,32,"(200, 300)","(1, 64)",2000,8.06620622511515,5.9650838861007545,Compute
134,323,32,"(200,)","(128,)",7,47.799194064509095,1.00661941518227,Trip_Count
135,323,32,"(200, 300)","(1, 128)",2000,8.06620622511515,5.9650838861007545,Compute
136,323,32,"(200,)","(256,)",7,47.799194064509095,1.00661941518227,Trip_Count
137,323,32,"(200, 300)","(1, 256)",2000,8.06620622511515,5.9650838861007545,Compute
138,323,32,"(200, 300)","(2, 4)",7500,18.700573519660605,2.5729476545098615,Compute
139,323,32,"(200, 300)","(2, 8)",3800,11.617416535418181,4.141677853136218,Compute
140,323,32,"(200, 300)","(2, 16)",1900,8.07279713420606,5.9602137865603675,Compute
141,323,32,"(200, 300)","(2, 32)",1900,8.07279713420606,5.9602137865603675,Compute
142,323,32,"(200, 300)","(2, 64)",1900,8.07279713420606,5.9602137865603675,Compute
143,323,32,"(200, 300)","(2, 128)",1900,8.07279713420606,5.9602137865603675,Compute
144,323,32,"(200, 300)","(4, 2)",7500,18.700573519660605,2.5729476545098615,Compute
145,323,32,"(200, 300)","(4, 4)",3750,11.620289262690909,4.140653962021756,Compute
146,323,32,"(200, 300)","(4, 8)",1900,8.07279713420606,5.9602137865603675,Compute
147,323,32,"(200, 300)","(4, 16)",1900,8.07279713420606,5.9602137865603675,Compute
148,323,32,"(200, 300)","(4, 32)",1900,8.07279713420606,5.9602137865603675,Compute
149,323,32,"(200, 300)","(4, 64)",1900,8.07279713420606,5.9602137865603675,Compute
150,323,32,"(200, 300)","(8, 1)",7500,18.700573519660605,2.5729476545098615,Compute
151,323,32,"(200, 300)","(8, 2)",3750,11.620289262690909,4.140653962021756,Compute
152,323,32,"(200, 300)","(8, 4)",1875,8.074824406933333,5.958717409890203,Compute
153,323,32,"(200, 300)","(8, 8)",1875,8.074824406933333,5.958717409890203,Compute
154,323,32,"(200, 300)","(8, 16)",1875,8.074824406933333,5.958717409890203,Compute
155,323,32,"(200, 300)","(8, 32)",1875,8.074824406933333,5.958717409890203,Compute
156,323,32,"(200, 300)","(16, 1)",3900,11.610489262690908,4.14414894039086,Compute
157,323,32,"(200, 300)","(16, 2)",1950,8.069078952387878,5.962960216315786,Compute
158,323,32,"(200, 300)","(16, 4)",1875,8.074824406933333,5.958717409890203,Compute
159,323,32,"(200, 300)","(16, 8)",1875,8.074824406933333,5.958717409890203,Compute
160,323,32,"(200, 300)","(16, 16)",1875,8.074824406933333,5.958717409890203,Compute
161,323,32,"(200, 300)","(32, 1)",2100,8.05961531602424,5.969961950880692,Compute
162,323,32,"(200, 300)","(32, 2)",1950,8.069078952387878,5.962960216315786,Compute
163,323,32,"(200, 300)","(32, 4)",1875,8.074824406933333,5.958717409890203,Compute
164,323,32,"(200, 300)","(32, 8)",1875,8.074824406933333,5.958717409890203,Compute
165,323,32,"(200, 300)","(64, 1)",2100,8.05961531602424,5.969961950880692,Compute
166,323,32,"(200, 300)","(64, 2)",1950,8.069078952387878,5.962960216315786,Compute
167,323,32,"(200, 300)","(64, 4)",1875,8.074824406933333,5.958717409890203,Compute
168,323,32,"(200, 300)","(128, 1)",2100,8.05961531602424,5.969961950880692,Compute
169,323,32,"(200, 300)","(128, 2)",1950,8.069078952387878,5.962960216315786,Compute
170,323,32,"(200, 300)","(256, 1)",2100,8.05961531602424,5.969961950880692,Compute
171,323,8,"(200,)","(8,)",25,20.958228746327276,2.2957854577205987,Trip_Count
172,323,8,"(200, 300)","(1, 8)",7600,7.747007701024241,6.210862133135424,Compute
173,323,8,"(200,)","(16,)",25,20.958228746327276,2.2957854577205987,Trip_Count
174,323,8,"(200, 300)","(1, 16)",7600,7.747007701024241,6.210862133135424,Compute
175,323,8,"(200,)","(32,)",25,20.958228746327276,2.2957854577205987,Trip_Count
176,323,8,"(200, 300)","(1, 32)",7600,7.747007701024241,6.210862133135424,Compute
177,323,8,"(200,)","(64,)",25,20.958228746327276,2.2957854577205987,Trip_Count
178,323,8,"(200, 300)","(1, 64)",7600,7.747007701024241,6.210862133135424,Compute
179,323,8,"(200,)","(128,)",25,30.14720506450909,1.5960218093996463,Trip_Count
180,323,8,"(200, 300)","(1, 128)",7600,7.747007701024241,6.210862133135424,Compute
181,323,8,"(200,)","(256,)",25,48.52515770087273,0.9915598228861524,Trip_Count
182,323,8,"(200, 300)","(1, 256)",7600,7.747007701024241,6.210862133135424,Compute
183,323,8,"(200, 300)","(2, 4)",7500,7.752753155569696,6.206259351986849,Compute
184,323,8,"(200, 300)","(2, 8)",7500,7.752753155569696,6.206259351986849,Compute
185,323,8,"(200, 300)","(2, 16)",7500,7.752753155569696,6.206259351986849,Compute
186,323,8,"(200, 300)","(2, 32)",7500,7.752753155569696,6.206259351986849,Compute
187,323,8,"(200, 300)","(2, 64)",7500,7.752753155569696,6.206259351986849,Compute
188,323,8,"(200, 300)","(2, 128)",7500,7.752753155569696,6.206259351986849,Compute
189,323,8,"(200, 300)","(4, 2)",7500,7.752753155569696,6.206259351986849,Compute
190,323,8,"(200, 300)","(4, 4)",7500,7.752753155569696,6.206259351986849,Compute
191,323,8,"(200, 300)","(4, 8)",7500,7.752753155569696,6.206259351986849,Compute
192,323,8,"(200, 300)","(4, 16)",7500,7.752753155569696,6.206259351986849,Compute
193,323,8,"(200, 300)","(4, 32)",7500,7.752753155569696,6.206259351986849,Compute
194,323,8,"(200, 300)","(4, 64)",7500,7.994116299963634,6.018876254729852,Compute
195,323,8,"(200, 300)","(8, 1)",7500,7.752753155569696,6.206259351986849,Compute
196,323,8,"(200, 300)","(8, 2)",7500,7.752753155569696,6.206259351986849,Compute
197,323,8,"(200, 300)","(8, 4)",7500,7.752753155569696,6.206259351986849,Compute
198,323,8,"(200, 300)","(8, 8)",7500,7.752753155569696,6.206259351986849,Compute
199,323,8,"(200, 300)","(8, 16)",7500,7.752753155569696,6.206259351986849,Compute
200,323,8,"(200, 300)","(8, 32)",7500,7.752753155569696,6.206259351986849,Compute
201,323,8,"(200, 300)","(16, 1)",7500,7.752753155569696,6.206259351986849,Compute
202,323,8,"(200, 300)","(16, 2)",7500,7.752753155569696,6.206259351986849,Compute
203,323,8,"(200, 300)","(16, 4)",7500,7.752753155569696,6.206259351986849,Compute
204,323,8,"(200, 300)","(16, 8)",7500,7.752753155569696,6.206259351986849,Compute
205,323,8,"(200, 300)","(16, 16)",7500,7.752753155569696,6.206259351986849,Compute
206,323,8,"(200, 300)","(32, 1)",7500,7.752753155569696,6.206259351986849,Compute
207,323,8,"(200, 300)","(32, 2)",7500,7.752753155569696,6.206259351986849,Compute
208,323,8,"(200, 300)","(32, 4)",7500,7.752753155569696,6.206259351986849,Compute
209,323,8,"(200, 300)","(32, 8)",7500,7.752753155569696,6.206259351986849,Compute
210,323,8,"(200, 300)","(64, 1)",7500,7.752753155569696,6.206259351986849,Compute
211,323,8,"(200, 300)","(64, 2)",7500,7.752753155569696,6.206259351986849,Compute
212,323,8,"(200, 300)","(64, 4)",7500,7.752753155569696,6.206259351986849,Compute
213,323,8,"(200, 300)","(128, 1)",7500,7.752753155569696,6.206259351986849,Compute
214,323,8,"(200, 300)","(128, 2)",7500,7.752753155569696,6.206259351986849,Compute
215,323,8,"(200, 300)","(256, 1)",7500,7.752753155569696,6.206259351986849,Compute
216,323,16,"(200,)","(8,)",25,30.14720506450909,1.5960218093996463,Trip_Count
217,323,16,"(200, 300)","(1, 8)",7600,11.39628115572121,4.22204367529532,Compute
218,323,16,"(200,)","(16,)",13,30.021141428145455,1.6027237635372047,Trip_Count
219,323,16,"(200, 300)","(1, 16)",3800,7.753479936327272,6.205677601610168,Compute
220,323,16,"(200,)","(32,)",13,30.021141428145455,1.6027237635372047,Trip_Count
221,323,16,"(200, 300)","(1, 32)",3800,7.753479936327272,6.205677601610168,Compute
222,323,16,"(200,)","(64,)",13,30.021141428145455,1.6027237635372047,Trip_Count
223,323,16,"(200, 300)","(1, 64)",3800,7.753479936327272,6.205677601610168,Compute
224,323,16,"(200,)","(128,)",13,30.021141428145455,1.6027237635372047,Trip_Count
225,323,16,"(200, 300)","(1, 128)",3800,7.753479936327272,6.205677601610168,Compute
226,323,16,"(200,)","(256,)",13,48.3990940645091,0.9941425083549857,Trip_Count
227,323,16,"(200, 300)","(1, 256)",3800,7.753479936327272,6.205677601610168,Compute
228,323,16,"(200, 300)","(2, 4)",7500,11.402026610266665,4.219916197360521,Compute
229,323,16,"(200, 300)","(2, 8)",3800,7.753479936327272,6.205677601610168,Compute
230,323,16,"(200, 300)","(2, 16)",3800,7.753479936327272,6.205677601610168,Compute
231,323,16,"(200, 300)","(2, 32)",3800,7.753479936327272,6.205677601610168,Compute
232,323,16,"(200, 300)","(2, 64)",3800,7.753479936327272,6.205677601610168,Compute
233,323,16,"(200, 300)","(2, 128)",3800,7.753479936327272,6.205677601610168,Compute
234,323,16,"(200, 300)","(4, 2)",7500,11.402026610266665,4.219916197360521,Compute
235,323,16,"(200, 300)","(4, 4)",3750,7.7563526635999995,6.2033791992469585,Compute
236,323,16,"(200, 300)","(4, 8)",3750,7.7563526635999995,6.2033791992469585,Compute
237,323,16,"(200, 300)","(4, 16)",3750,7.7563526635999995,6.2033791992469585,Compute
238,323,16,"(200, 300)","(4, 32)",3750,7.7563526635999995,6.2033791992469585,Compute
239,323,16,"(200, 300)","(4, 64)",3750,7.7563526635999995,6.2033791992469585,Compute
240,323,16,"(200, 300)","(8, 1)",7500,11.402026610266665,4.219916197360521,Compute
241,323,16,"(200, 300)","(8, 2)",3750,7.7563526635999995,6.2033791992469585,Compute
242,323,16,"(200, 300)","(8, 4)",3750,7.7563526635999995,6.2033791992469585,Compute
243,323,16,"(200, 300)","(8, 8)",3750,7.7563526635999995,6.2033791992469585,Compute
244,323,16,"(200, 300)","(8, 16)",3750,7.7563526635999995,6.2033791992469585,Compute
245,323,16,"(200, 300)","(8, 32)",3750,7.7563526635999995,6.2033791992469585,Compute
246,323,16,"(200, 300)","(16, 1)",3900,7.746552663599999,6.211226963122402,Compute
247,323,16,"(200, 300)","(16, 2)",3750,7.7563526635999995,6.2033791992469585,Compute
248,323,16,"(200, 300)","(16, 4)",3750,7.7563526635999995,6.2033791992469585,Compute
249,323,16,"(200, 300)","(16, 8)",3750,7.7563526635999995,6.2033791992469585,Compute
250,323,16,"(200, 300)","(16, 16)",3750,7.7563526635999995,6.2033791992469585,Compute
251,323,16,"(200, 300)","(32, 1)",3900,7.746552663599999,6.211226963122402,Compute
252,323,16,"(200, 300)","(32, 2)",3750,7.7563526635999995,6.2033791992469585,Compute
253,323,16,"(200, 300)","(32, 4)",3750,7.7563526635999995,6.2033791992469585,Compute
254,323,16,"(200, 300)","(32, 8)",3750,7.7563526635999995,6.2033791992469585,Compute
255,323,16,"(200, 300)","(64, 1)",3900,7.746552663599999,6.211226963122402,Compute
256,323,16,"(200, 300)","(64, 2)",3750,7.7563526635999995,6.2033791992469585,Compute
257,323,16,"(200, 300)","(64, 4)",3750,7.7563526635999995,6.2033791992469585,Compute
258,323,16,"(200, 300)","(128, 1)",3900,7.746552663599999,6.211226963122402,Compute
259,323,16,"(200, 300)","(128, 2)",3750,7.7563526635999995,6.2033791992469585,Compute
260,323,16,"(200, 300)","(256, 1)",3900,7.746552663599999,6.211226963122402,Compute
261,323,32,"(200,)","(8,)",25,48.52515770087273,0.9915598228861524,Trip_Count
262,323,32,"(200, 300)","(1, 8)",7600,18.69482806511515,2.5737383948015258,Compute
263,323,32,"(200,)","(16,)",13,48.3990940645091,0.9941425083549857,Trip_Count
264,323,32,"(200, 300)","(1, 16)",3800,11.617416535418181,4.141677853136218,Compute
265,323,32,"(200,)","(32,)",7,47.799194064509095,1.00661941518227,Trip_Count
266,323,32,"(200, 300)","(1, 32)",2000,8.06620622511515,5.9650838861007545,Compute
267,323,32,"(200,)","(64,)",7,47.799194064509095,1.00661941518227,Trip_Count
268,323,32,"(200, 300)","(1, 64)",2000,8.06620622511515,5.9650838861007545,Compute
269,323,32,"(200,)","(128,)",7,47.799194064509095,1.00661941518227,Trip_Count
270,323,32,"(200, 300)","(1, 128)",2000,8.06620622511515,5.9650838861007545,Compute
271,323,32,"(200,)","(256,)",7,47.799194064509095,1.00661941518227,Trip_Count
272,323,32,"(200, 300)","(1, 256)",2000,8.06620622511515,5.9650838861007545,Compute
273,323,32,"(200, 300)","(2, 4)",7500,18.700573519660605,2.5729476545098615,Compute
274,323,32,"(200, 300)","(2, 8)",3800,11.617416535418181,4.141677853136218,Compute
275,323,32,"(200, 300)","(2, 16)",1900,8.07279713420606,5.9602137865603675,Compute
276,323,32,"(200, 300)","(2, 32)",1900,8.07279713420606,5.9602137865603675,Compute
277,323,32,"(200, 300)","(2, 64)",1900,8.07279713420606,5.9602137865603675,Compute
278,323,32,"(200, 300)","(2, 128)",1900,8.07279713420606,5.9602137865603675,Compute
279,323,32,"(200, 300)","(4, 2)",7500,18.700573519660605,2.5729476545098615,Compute
280,323,32,"(200, 300)","(4, 4)",3750,11.620289262690909,4.140653962021756,Compute
281,323,32,"(200, 300)","(4, 8)",1900,8.07279713420606,5.9602137865603675,Compute
282,323,32,"(200, 300)","(4, 16)",1900,8.07279713420606,5.9602137865603675,Compute
283,323,32,"(200, 300)","(4, 32)",1900,8.07279713420606,5.9602137865603675,Compute
284,323,32,"(200, 300)","(4, 64)",1900,8.07279713420606,5.9602137865603675,Compute
285,323,32,"(200, 300)","(8, 1)",7500,18.700573519660605,2.5729476545098615,Compute
286,323,32,"(200, 300)","(8, 2)",3750,11.620289262690909,4.140653962021756,Compute
287,323,32,"(200, 300)","(8, 4)",1875,8.074824406933333,5.958717409890203,Compute
288,323,32,"(200, 300)","(8, 8)",1875,8.074824406933333,5.958717409890203,Compute
289,323,32,"(200, 300)","(8, 16)",1875,8.074824406933333,5.958717409890203,Compute
290,323,32,"(200, 300)","(8, 32)",1875,8.074824406933333,5.958717409890203,Compute
291,323,32,"(200, 300)","(16, 1)",3900,11.610489262690908,4.14414894039086,Compute
292,323,32,"(200, 300)","(16, 2)",1950,8.069078952387878,5.962960216315786,Compute
293,323,32,"(200, 300)","(16, 4)",1875,8.074824406933333,5.958717409890203,Compute
294,323,32,"(200, 300)","(16, 8)",1875,8.074824406933333,5.958717409890203,Compute
295,323,32,"(200, 300)","(16, 16)",1875,8.074824406933333,5.958717409890203,Compute
296,323,32,"(200, 300)","(32, 1)",2100,8.05961531602424,5.969961950880692,Compute
297,323,32,"(200, 300)","(32, 2)",1950,8.069078952387878,5.962960216315786,Compute
298,323,32,"(200, 300)","(32, 4)",1875,8.074824406933333,5.958717409890203,Compute
299,323,32,"(200, 300)","(32, 8)",1875,8.074824406933333,5.958717409890203,Compute
300,323,32,"(200, 300)","(64, 1)",2100,8.05961531602424,5.969961950880692,Compute
301,323,32,"(200, 300)","(64, 2)",1950,8.069078952387878,5.962960216315786,Compute
302,323,32,"(200, 300)","(64, 4)",1875,8.074824406933333,5.958717409890203,Compute
303,323,32,"(200, 300)","(128, 1)",2100,8.05961531602424,5.969961950880692,Compute
304,323,32,"(200, 300)","(128, 2)",1950,8.069078952387878,5.962960216315786,Compute
305,323,32,"(200, 300)","(256, 1)",2100,8.05961531602424,5.969961950880692,Compute
306,335,8,"(300,)","(8,)",38,25.67060083420606,1.8737229867018657,Trip_Count
307,335,8,"(300,)","(16,)",38,25.67060083420606,1.8737229867018657,Trip_Count
308,335,8,"(300,)","(32,)",38,25.67060083420606,1.8737229867018657,Trip_Count
309,335,8,"(300,)","(64,)",38,25.67060083420606,1.8737229867018657,Trip_Count
310,335,8,"(300,)","(128,)",38,31.796560803903027,1.5127294792081964,Trip_Count
311,335,8,"(300,)","(256,)",38,44.04848074329697,1.0919694403494151,Trip_Count
312,335,16,"(300,)","(8,)",38,31.796560803903027,1.5127294792081964,Trip_Count
313,335,16,"(300,)","(16,)",19,31.96565171299394,1.5047274899121685,Trip_Count
314,335,16,"(300,)","(32,)",19,31.96565171299394,1.5047274899121685,Trip_Count
315,335,16,"(300,)","(64,)",19,31.96565171299394,1.5047274899121685,Trip_Count
316,335,16,"(300,)","(128,)",19,31.96565171299394,1.5047274899121685,Trip_Count
317,335,16,"(300,)","(256,)",19,44.21757165238788,1.0877936772202292,Trip_Count
318,335,32,"(300,)","(8,)",38,44.04848074329697,1.0919694403494151,Trip_Count
319,335,32,"(300,)","(16,)",19,44.21757165238788,1.0877936772202292,Trip_Count
320,335,32,"(300,)","(32,)",10,43.812117106933336,1.0978605473025211,Trip_Count
321,335,32,"(300,)","(64,)",10,43.812117106933336,1.0978605473025211,Trip_Count
322,335,32,"(300,)","(128,)",10,43.812117106933336,1.0978605473025211,Trip_Count
323,335,32,"(300,)","(256,)",10,43.812117106933336,1.0978605473025211,Trip_Count
324,335,8,"(300,)","(8,)",38,25.67060083420606,1.8737229867018657,Trip_Count
325,335,8,"(300,)","(16,)",38,25.67060083420606,1.8737229867018657,Trip_Count
326,335,8,"(300,)","(32,)",38,25.67060083420606,1.8737229867018657,Trip_Count
327,335,8,"(300,)","(64,)",38,25.67060083420606,1.8737229867018657,Trip_Count
328,335,8,"(300,)","(128,)",38,31.796560803903027,1.5127294792081964,Trip_Count
329,335,8,"(300,)","(256,)",38,44.04848074329697,1.0919694403494151,Trip_Count
330,335,16,"(300,)","(8,)",38,31.796560803903027,1.5127294792081964,Trip_Count
331,335,16,"(300,)","(16,)",19,31.96565171299394,1.5047274899121685,Trip_Count
332,335,16,"(300,)","(32,)",19,31.96565171299394,1.5047274899121685,Trip_Count
333,335,16,"(300,)","(64,)",19,31.96565171299394,1.5047274899121685,Trip_Count
334,335,16,"(300,)","(128,)",19,31.96565171299394,1.5047274899121685,Trip_Count
335,335,16,"(300,)","(256,)",19,44.21757165238788,1.0877936772202292,Trip_Count
336,335,32,"(300,)","(8,)",38,44.04848074329697,1.0919694403494151,Trip_Count
337,335,32,"(300,)","(16,)",19,44.21757165238788,1.0877936772202292,Trip_Count
338,335,32,"(300,)","(32,)",10,43.812117106933336,1.0978605473025211,Trip_Count
339,335,32,"(300,)","(64,)",10,43.812117106933336,1.0978605473025211,Trip_Count
340,335,32,"(300,)","(128,)",10,43.812117106933336,1.0978605473025211,Trip_Count
341,335,32,"(300,)","(256,)",10,43.812117106933336,1.0978605473025211,Trip_Count
342,32,8,"(10,)","(8,)",2,3061.2990101909095,0.004632664700732903,"Launch_Tax, Trip_Count, Latencies"
343,32,8,"(10,)","(16,)",2,3061.2990101909095,0.004632664700732903,"Launch_Tax, Trip_Count, Latencies"
344,32,16,"(10,)","(8,)",2,3105.4795929181823,0.0045667573843476365,"Launch_Tax, Trip_Count"
345,32,16,"(10,)","(16,)",1,3105.4795929181823,0.0045667573843476365,"Launch_Tax, Trip_Count"
346,32,16,"(10,)","(32,)",1,3105.4795929181823,0.0045667573843476365,"Launch_Tax, Trip_Count"
347,32,16,"(10,)","(64,)",1,3105.4795929181823,0.0045667573843476365,"Launch_Tax, Trip_Count"
348,32,16,"(10,)","(128,)",1,3105.4795929181823,0.0045667573843476365,"Launch_Tax, Trip_Count"
349,32,16,"(10,)","(256,)",1,3105.4795929181823,0.0045667573843476365,"Launch_Tax, Trip_Count"
350,32,32,"(10,)","(8,)",2,3193.8407583727276,0.004440412949744483,"Launch_Tax, Trip_Count"
351,32,32,"(10,)","(16,)",1,3193.8407583727276,0.004440412949744483,"Launch_Tax, Trip_Count"
352,32,32,"(10,)","(32,)",1,3193.8407583727276,0.004440412949744483,"Launch_Tax, Trip_Count"
353,32,32,"(10,)","(64,)",1,3193.8407583727276,0.004440412949744483,"Launch_Tax, Trip_Count"
354,32,32,"(10,)","(128,)",1,3193.8407583727276,0.004440412949744483,"Launch_Tax, Trip_Count"
355,32,32,"(10,)","(256,)",1,3193.8407583727276,0.004440412949744483,"Launch_Tax, Trip_Count"
356,32,8,"(10,)","(8,)",2,3061.2990101909095,0.004632664700732903,"Launch_Tax, Trip_Count, Latencies"
357,32,8,"(10,)","(16,)",2,3061.2990101909095,0.004632664700732903,"Launch_Tax, Trip_Count, Latencies"
358,32,16,"(10,)","(8,)",2,3105.4795929181823,0.0045667573843476365,"Launch_Tax, Trip_Count"
359,32,16,"(10,)","(16,)",1,3105.4795929181823,0.0045667573843476365,"Launch_Tax, Trip_Count"
360,32,16,"(10,)","(32,)",1,3105.4795929181823,0.0045667573843476365,"Launch_Tax, Trip_Count"
361,32,16,"(10,)","(64,)",1,3105.4795929181823,0.0045667573843476365,"Launch_Tax, Trip_Count"
362,32,16,"(10,)","(128,)",1,3105.4795929181823,0.0045667573843476365,"Launch_Tax, Trip_Count"
363,32,16,"(10,)","(256,)",1,3105.4795929181823,0.0045667573843476365,"Launch_Tax, Trip_Count"
364,32,32,"(10,)","(8,)",2,3193.8407583727276,0.004440412949744483,"Launch_Tax, Trip_Count"
365,32,32,"(10,)","(16,)",1,3193.8407583727276,0.004440412949744483,"Launch_Tax, Trip_Count"
366,32,32,"(10,)","(32,)",1,3193.8407583727276,0.004440412949744483,"Launch_Tax, Trip_Count"
367,32,32,"(10,)","(64,)",1,3193.8407583727276,0.004440412949744483,"Launch_Tax, Trip_Count"
368,32,32,"(10,)","(128,)",1,3193.8407583727276,0.004440412949744483,"Launch_Tax, Trip_Count"
369,32,32,"(10,)","(256,)",1,3193.8407583727276,0.004440412949744483,"Launch_Tax, Trip_Count"
370,217,8,"(200,)","(8,)",25,0.07866610727272727,1.016930933453402,"Launch_Tax, Trip_Count, Latencies"
371,217,8,"(200,)","(16,)",25,0.07866610727272727,1.016930933453402,"Launch_Tax, Trip_Count, Latencies"
372,217,8,"(200,)","(32,)",25,0.07866610727272727,1.016930933453402,"Launch_Tax, Trip_Count, Latencies"
373,217,8,"(200,)","(64,)",25,0.07866610727272727,1.016930933453402,"Launch_Tax, Trip_Count, Latencies"
374,217,8,"(200,)","(128,)",25,0.08127656181818183,0.984268971403564,"Launch_Tax, Trip_Count, Latencies"
375,217,8,"(200,)","(256,)",25,0.08649747090909092,0.9248593867452856,"Launch_Tax, Trip_Count, Latencies"
376,217,16,"(200,)","(8,)",25,0.08127656181818183,0.984268971403564,"Launch_Tax, Trip_Count, Latencies"
377,217,16,"(200,)","(16,)",13,0.08043110727272727,0.9946151509358354,"Launch_Tax, Trip_Count, Latencies"
378,217,16,"(200,)","(32,)",13,0.08043110727272727,0.9946151509358354,"Launch_Tax, Trip_Count, Latencies"
379,217,16,"(200,)","(64,)",13,0.08043110727272727,0.9946151509358354,"Launch_Tax, Trip_Count, Latencies"
380,217,16,"(200,)","(128,)",13,0.08043110727272727,0.9946151509358354,"Launch_Tax, Trip_Count, Latencies"
381,217,16,"(200,)","(256,)",13,0.08565201636363637,0.9339884954998353,"Launch_Tax, Trip_Count, Latencies"
382,217,32,"(200,)","(8,)",25,0.08649747090909092,0.9248593867452856,"Launch_Tax, Trip_Count, Latencies"
383,217,32,"(200,)","(16,)",13,0.08565201636363637,0.9339884954998353,"Launch_Tax, Trip_Count, Latencies"
384,217,32,"(200,)","(32,)",7,0.08362474363636364,0.9566307102580274,"Launch_Tax, Trip_Count, Latencies"
385,217,32,"(200,)","(64,)",7,0.08362474363636364,0.9566307102580274,"Launch_Tax, Trip_Count, Latencies"
386,217,32,"(200,)","(128,)",7,0.08362474363636364,0.9566307102580274,"Launch_Tax, Trip_Count, Latencies"
387,217,32,"(200,)","(256,)",7,0.08362474363636364,0.9566307102580274,"Launch_Tax, Trip_Count, Latencies"
388,217,8,"(200,)","(8,)",25,0.07866610727272727,1.016930933453402,"Launch_Tax, Trip_Count, Latencies"
389,217,8,"(200,)","(16,)",25,0.07866610727272727,1.016930933453402,"Launch_Tax, Trip_Count, Latencies"
390,217,8,"(200,)","(32,)",25,0.07866610727272727,1.016930933453402,"Launch_Tax, Trip_Count, Latencies"
391,217,8,"(200,)","(64,)",25,0.07866610727272727,1.016930933453402,"Launch_Tax, Trip_Count, Latencies"
392,217,8,"(200,)","(128,)",25,0.08127656181818183,0.984268971403564,"Launch_Tax, Trip_Count, Latencies"
393,217,8,"(200,)","(256,)",25,0.08649747090909092,0.9248593867452856,"Launch_Tax, Trip_Count, Latencies"
394,217,16,"(200,)","(8,)",25,0.08127656181818183,0.984268971403564,"Launch_Tax, Trip_Count, Latencies"
395,217,16,"(200,)","(16,)",13,0.08043110727272727,0.9946151509358354,"Launch_Tax, Trip_Count, Latencies"
396,217,16,"(200,)","(32,)",13,0.08043110727272727,0.9946151509358354,"Launch_Tax, Trip_Count, Latencies"
397,217,16,"(200,)","(64,)",13,0.08043110727272727,0.9946151509358354,"Launch_Tax, Trip_Count, Latencies"
398,217,16,"(200,)","(128,)",13,0.08043110727272727,0.9946151509358354,"Launch_Tax, Trip_Count, Latencies"
399,217,16,"(200,)","(256,)",13,0.08565201636363637,0.9339884954998353,"Launch_Tax, Trip_Count, Latencies"
400,217,32,"(200,)","(8,)",25,0.08649747090909092,0.9248593867452856,"Launch_Tax, Trip_Count, Latencies"
401,217,32,"(200,)","(16,)",13,0.08565201636363637,0.9339884954998353,"Launch_Tax, Trip_Count, Latencies"
402,217,32,"(200,)","(32,)",7,0.08362474363636364,0.9566307102580274,"Launch_Tax, Trip_Count, Latencies"
403,217,32,"(200,)","(64,)",7,0.08362474363636364,0.9566307102580274,"Launch_Tax, Trip_Count, Latencies"
404,217,32,"(200,)","(128,)",7,0.08362474363636364,0.9566307102580274,"Launch_Tax, Trip_Count, Latencies"
405,217,32,"(200,)","(256,)",7,0.08362474363636364,0.9566307102580274,"Launch_Tax, Trip_Count, Latencies"
406,327,8,"(200,)","(8,)",25,5.49154697,1.7034176201173425,"Trip_Count, Latencies"
407,327,8,"(200, 300)","(1, 8)",7600,0.900032398494318,10.393401266497918,GTI_BW
408,327,8,"(200,)","(16,)",25,5.49154697,1.7034176201173425,"Trip_Count, Latencies"
409,327,8,"(200, 300)","(1, 16)",7600,0.900032398494318,10.393401266497918,GTI_BW
410,327,8,"(200,)","(32,)",25,5.49154697,1.7034176201173425,"Trip_Count, Latencies"
411,327,8,"(200, 300)","(1, 32)",7600,0.900032398494318,10.393401266497918,GTI_BW
412,327,8,"(200,)","(64,)",25,5.49154697,1.7034176201173425,"Trip_Count, Latencies"
413,327,8,"(200, 300)","(1, 64)",7600,0.900032398494318,10.393401266497918,GTI_BW
414,327,8,"(200,)","(128,)",25,6.760244379090909,1.3837366440971688,"Trip_Count, Latencies"
415,327,8,"(200, 300)","(1, 128)",7600,0.900032398494318,10.393401266497918,GTI_BW
416,327,8,"(200,)","(256,)",25,9.297639197272728,1.0061046327915073,Trip_Count
417,327,8,"(200, 300)","(1, 256)",7600,0.900032398494318,10.393401266497918,GTI_BW
418,327,8,"(200, 300)","(2, 4)",7500,0.9031054330397726,10.358035206270358,GTI_BW
419,327,8,"(200, 300)","(2, 8)",7500,0.9031054330397726,10.358035206270358,GTI_BW
420,327,8,"(200, 300)","(2, 16)",7500,0.9031054330397726,10.358035206270358,GTI_BW
421,327,8,"(200, 300)","(2, 32)",7500,0.9031054330397726,10.358035206270358,GTI_BW
422,327,8,"(200, 300)","(2, 64)",7500,0.9031054330397726,10.358035206270358,GTI_BW
423,327,8,"(200, 300)","(2, 128)",7500,0.9031054330397726,10.358035206270358,GTI_BW
424,327,8,"(200, 300)","(4, 2)",7500,0.9031054330397726,10.358035206270358,GTI_BW
425,327,8,"(200, 300)","(4, 4)",7500,0.9031054330397726,10.358035206270358,GTI_BW
426,327,8,"(200, 300)","(4, 8)",7500,0.9031054330397726,10.358035206270358,GTI_BW
427,327,8,"(200, 300)","(4, 16)",7500,0.9031054330397726,10.358035206270358,GTI_BW
428,327,8,"(200, 300)","(4, 32)",7500,0.9031054330397726,10.358035206270358,GTI_BW
429,327,8,"(200, 300)","(4, 64)",7500,0.9172886694034089,10.197877922643443,GTI_BW
430,327,8,"(200, 300)","(8, 1)",7500,0.9031054330397726,10.358035206270358,GTI_BW
431,327,8,"(200, 300)","(8, 2)",7500,0.9031054330397726,10.358035206270358,GTI_BW
432,327,8,"(200, 300)","(8, 4)",7500,0.9031054330397726,10.358035206270358,GTI_BW
433,327,8,"(200, 300)","(8, 8)",7500,0.9031054330397726,10.358035206270358,GTI_BW
434,327,8,"(200, 300)","(8, 16)",7500,0.9031054330397726,10.358035206270358,GTI_BW
435,327,8,"(200, 300)","(8, 32)",7500,0.9031054330397726,10.358035206270358,GTI_BW
436,327,8,"(200, 300)","(16, 1)",7500,0.9031054330397726,10.358035206270358,GTI_BW
437,327,8,"(200, 300)","(16, 2)",7500,0.9031054330397726,10.358035206270358,GTI_BW
438,327,8,"(200, 300)","(16, 4)",7500,0.9031054330397726,10.358035206270358,GTI_BW
439,327,8,"(200, 300)","(16, 8)",7500,0.9031054330397726,10.358035206270358,GTI_BW
440,327,8,"(200, 300)","(16, 16)",7500,0.9031054330397726,10.358035206270358,GTI_BW
441,327,8,"(200, 300)","(32, 1)",7500,0.9031054330397726,10.358035206270358,GTI_BW
442,327,8,"(200, 300)","(32, 2)",7500,0.9031054330397726,10.358035206270358,GTI_BW
443,327,8,"(200, 300)","(32, 4)",7500,0.9031054330397726,10.358035206270358,GTI_BW
444,327,8,"(200, 300)","(32, 8)",7500,0.9031054330397726,10.358035206270358,GTI_BW
445,327,8,"(200, 300)","(64, 1)",7500,0.9031054330397726,10.358035206270358,GTI_BW
446,327,8,"(200, 300)","(64, 2)",7500,0.9031054330397726,10.358035206270358,GTI_BW
447,327,8,"(200, 300)","(64, 4)",7500,0.9031054330397726,10.358035206270358,GTI_BW
448,327,8,"(200, 300)","(128, 1)",7500,0.9031054330397726,10.358035206270358,GTI_BW
449,327,8,"(200, 300)","(128, 2)",7500,0.9031054330397726,10.358035206270358,GTI_BW
450,327,8,"(200, 300)","(256, 1)",7500,0.9031054330397726,10.358035206270358,GTI_BW
451,327,16,"(200,)","(8,)",25,6.760244379090909,1.3837366440971688,"Trip_Count, Latencies"
452,327,16,"(200, 300)","(1, 8)",7600,1.2937667406060607,7.230358902268555,Compute
453,327,16,"(200,)","(16,)",13,6.763317413636363,1.3831079185400112,"Trip_Count, Latencies"
454,327,16,"(200, 300)","(1, 16)",3800,0.7967311603124999,11.740971530134393,GTI_BW
455,327,16,"(200,)","(32,)",13,6.763317413636363,1.3831079185400112,"Trip_Count, Latencies"
456,327,16,"(200, 300)","(1, 32)",3800,0.7967311603124999,11.740971530134393,GTI_BW
457,327,16,"(200,)","(64,)",13,6.763317413636363,1.3831079185400112,"Trip_Count, Latencies"
458,327,16,"(200, 300)","(1, 64)",3800,0.7967311603124999,11.740971530134393,GTI_BW
459,327,16,"(200,)","(128,)",13,6.763317413636363,1.3831079185400112,"Trip_Count, Latencies"
460,327,16,"(200, 300)","(1, 128)",3800,0.7967311603124999,11.740971530134393,GTI_BW
461,327,16,"(200,)","(256,)",13,9.300712231818181,1.0057722072507695,Trip_Count
462,327,16,"(200, 300)","(1, 256)",3800,0.7967311603124999,11.740971530134393,GTI_BW
463,327,16,"(200, 300)","(2, 4)",7500,1.296839775151515,7.21322560399344,Compute
464,327,16,"(200, 300)","(2, 8)",3800,0.7967311603124999,11.740971530134393,GTI_BW
465,327,16,"(200, 300)","(2, 16)",3800,0.7967311603124999,11.740971530134393,GTI_BW
466,327,16,"(200, 300)","(2, 32)",3800,0.7967311603124999,11.740971530134393,GTI_BW
467,327,16,"(200, 300)","(2, 64)",3800,0.7967311603124999,11.740971530134393,GTI_BW
468,327,16,"(200, 300)","(2, 128)",3800,0.7967311603124999,11.740971530134393,GTI_BW
469,327,16,"(200, 300)","(4, 2)",7500,1.296839775151515,7.21322560399344,Compute
470,327,16,"(200, 300)","(4, 4)",3750,0.7967311603124999,11.740971530134393,GTI_BW
471,327,16,"(200, 300)","(4, 8)",3750,0.7967311603124999,11.740971530134393,GTI_BW
472,327,16,"(200, 300)","(4, 16)",3750,0.7967311603124999,11.740971530134393,GTI_BW
473,327,16,"(200, 300)","(4, 32)",3750,0.7967311603124999,11.740971530134393,GTI_BW
474,327,16,"(200, 300)","(4, 64)",3750,0.7967311603124999,11.740971530134393,GTI_BW
475,327,16,"(200, 300)","(8, 1)",7500,1.296839775151515,7.21322560399344,Compute
476,327,16,"(200, 300)","(8, 2)",3750,0.7967311603124999,11.740971530134393,GTI_BW
477,327,16,"(200, 300)","(8, 4)",3750,0.7967311603124999,11.740971530134393,GTI_BW
478,327,16,"(200, 300)","(8, 8)",3750,0.7967311603124999,11.740971530134393,GTI_BW
479,327,16,"(200, 300)","(8, 16)",3750,0.7967311603124999,11.740971530134393,GTI_BW
480,327,16,"(200, 300)","(8, 32)",3750,0.7967311603124999,11.740971530134393,GTI_BW
481,327,16,"(200, 300)","(16, 1)",3900,0.7936581257670453,11.786432428143133,GTI_BW
482,327,16,"(200, 300)","(16, 2)",3750,0.7967311603124999,11.740971530134393,GTI_BW
483,327,16,"(200, 300)","(16, 4)",3750,0.7967311603124999,11.740971530134393,GTI_BW
484,327,16,"(200, 300)","(16, 8)",3750,0.7967311603124999,11.740971530134393,GTI_BW
485,327,16,"(200, 300)","(16, 16)",3750,0.7967311603124999,11.740971530134393,GTI_BW
486,327,16,"(200, 300)","(32, 1)",3900,0.7936581257670453,11.786432428143133,GTI_BW
487,327,16,"(200, 300)","(32, 2)",3750,0.7967311603124999,11.740971530134393,GTI_BW
488,327,16,"(200, 300)","(32, 4)",3750,0.7967311603124999,11.740971530134393,GTI_BW
489,327,16,"(200, 300)","(32, 8)",3750,0.7967311603124999,11.740971530134393,GTI_BW
490,327,16,"(200, 300)","(64, 1)",3900,0.7936581257670453,11.786432428143133,GTI_BW
491,327,16,"(200, 300)","(64, 2)",3750,0.7967311603124999,11.740971530134393,GTI_BW
492,327,16,"(200, 300)","(64, 4)",3750,0.7967311603124999,11.740971530134393,GTI_BW
493,327,16,"(200, 300)","(128, 1)",3900,0.7936581257670453,11.786432428143133,GTI_BW
494,327,16,"(200, 300)","(128, 2)",3750,0.7967311603124999,11.740971530134393,GTI_BW
495,327,16,"(200, 300)","(256, 1)",3900,0.7936581257670453,11.786432428143133,GTI_BW
496,327,32,"(200,)","(8,)",25,9.297639197272728,1.0061046327915073,Trip_Count
497,327,32,"(200, 300)","(1, 8)",7600,2.3024231093939393,4.062849192328658,Compute
498,327,32,"(200,)","(16,)",13,9.300712231818181,1.0057722072507695,Trip_Count
499,327,32,"(200, 300)","(1, 16)",3800,1.2497982299999997,7.484726450924807,Compute
500,327,32,"(200,)","(32,)",7,8.987735482727272,1.0407958587986248,Trip_Count
501,327,32,"(200, 300)","(1, 32)",2000,0.735270469403409,12.72239027631569,GTI_BW
502,327,32,"(200,)","(64,)",7,8.987735482727272,1.0407958587986248,Trip_Count
503,327,32,"(200, 300)","(1, 64)",2000,0.735270469403409,12.72239027631569,GTI_BW
504,327,32,"(200,)","(128,)",7,8.987735482727272,1.0407958587986248,Trip_Count
505,327,32,"(200, 300)","(1, 128)",2000,0.735270469403409,12.72239027631569,GTI_BW
506,327,32,"(200,)","(256,)",7,8.987735482727272,1.0407958587986248,Trip_Count
507,327,32,"(200, 300)","(1, 256)",2000,0.735270469403409,12.72239027631569,GTI_BW
508,327,32,"(200, 300)","(2, 4)",7500,2.305496143939394,4.057433752379292,Compute
509,327,32,"(200, 300)","(2, 8)",3800,1.2497982299999997,7.484726450924807,Compute
510,327,32,"(200, 300)","(2, 16)",1900,0.7383435039488635,12.669438845700029,GTI_BW
511,327,32,"(200, 300)","(2, 32)",1900,0.7383435039488635,12.669438845700029,GTI_BW
512,327,32,"(200, 300)","(2, 64)",1900,0.7383435039488635,12.669438845700029,GTI_BW
513,327,32,"(200, 300)","(2, 128)",1900,0.7383435039488635,12.669438845700029,GTI_BW
514,327,32,"(200, 300)","(4, 2)",7500,2.305496143939394,4.057433752379292,Compute
515,327,32,"(200, 300)","(4, 4)",3750,1.2497982299999997,7.484726450924807,Compute
516,327,32,"(200, 300)","(4, 8)",1900,0.7383435039488635,12.669438845700029,GTI_BW
517,327,32,"(200, 300)","(4, 16)",1900,0.7383435039488635,12.669438845700029,GTI_BW
518,327,32,"(200, 300)","(4, 32)",1900,0.7383435039488635,12.669438845700029,GTI_BW
519,327,32,"(200, 300)","(4, 64)",1900,0.7383435039488635,12.669438845700029,GTI_BW
520,327,32,"(200, 300)","(8, 1)",7500,2.305496143939394,4.057433752379292,Compute
521,327,32,"(200, 300)","(8, 2)",3750,1.2497982299999997,7.484726450924807,Compute
522,327,32,"(200, 300)","(8, 4)",1875,0.7395254403124999,12.649190089318811,GTI_BW
523,327,32,"(200, 300)","(8, 8)",1875,0.7395254403124999,12.649190089318811,GTI_BW
524,327,32,"(200, 300)","(8, 16)",1875,0.7395254403124999,12.649190089318811,GTI_BW
525,327,32,"(200, 300)","(8, 32)",1875,0.7395254403124999,12.649190089318811,GTI_BW
526,327,32,"(200, 300)","(16, 1)",3900,1.2467251954545453,7.503175442756229,Compute
527,327,32,"(200, 300)","(16, 2)",1950,0.7364524057670453,12.701972044828906,GTI_BW
528,327,32,"(200, 300)","(16, 4)",1875,0.7395254403124999,12.649190089318811,GTI_BW
529,327,32,"(200, 300)","(16, 8)",1875,0.7395254403124999,12.649190089318811,GTI_BW
530,327,32,"(200, 300)","(16, 16)",1875,0.7395254403124999,12.649190089318811,GTI_BW
531,327,32,"(200, 300)","(32, 1)",2100,0.7321974348579544,12.775786181516393,GTI_BW
532,327,32,"(200, 300)","(32, 2)",1950,0.7364524057670453,12.701972044828906,GTI_BW
533,327,32,"(200, 300)","(32, 4)",1875,0.7395254403124999,12.649190089318811,GTI_BW
534,327,32,"(200, 300)","(32, 8)",1875,0.7395254403124999,12.649190089318811,GTI_BW
535,327,32,"(200, 300)","(64, 1)",2100,0.7321974348579544,12.775786181516393,GTI_BW
536,327,32,"(200, 300)","(64, 2)",1950,0.7364524057670453,12.701972044828906,GTI_BW
537,327,32,"(200, 300)","(64, 4)",1875,0.7395254403124999,12.649190089318811,GTI_BW
538,327,32,"(200, 300)","(128, 1)",2100,0.7321974348579544,12.775786181516393,GTI_BW
539,327,32,"(200, 300)","(128, 2)",1950,0.7364524057670453,12.701972044828906,GTI_BW
540,327,32,"(200, 300)","(256, 1)",2100,0.7321974348579544,12.775786181516393,GTI_BW
541,327,8,"(200,)","(8,)",25,5.49154697,1.7034176201173425,"Trip_Count, Latencies"
542,327,8,"(200, 300)","(1, 8)",7600,0.900032398494318,10.393401266497918,GTI_BW
543,327,8,"(200,)","(16,)",25,5.49154697,1.7034176201173425,"Trip_Count, Latencies"
544,327,8,"(200, 300)","(1, 16)",7600,0.900032398494318,10.393401266497918,GTI_BW
545,327,8,"(200,)","(32,)",25,5.49154697,1.7034176201173425,"Trip_Count, Latencies"
546,327,8,"(200, 300)","(1, 32)",7600,0.900032398494318,10.393401266497918,GTI_BW
547,327,8,"(200,)","(64,)",25,5.49154697,1.7034176201173425,"Trip_Count, Latencies"
548,327,8,"(200, 300)","(1, 64)",7600,0.900032398494318,10.393401266497918,GTI_BW
549,327,8,"(200,)","(128,)",25,6.760244379090909,1.3837366440971688,"Trip_Count, Latencies"
550,327,8,"(200, 300)","(1, 128)",7600,0.900032398494318,10.393401266497918,GTI_BW
551,327,8,"(200,)","(256,)",25,9.297639197272728,1.0061046327915073,Trip_Count
552,327,8,"(200, 300)","(1, 256)",7600,0.900032398494318,10.393401266497918,GTI_BW
553,327,8,"(200, 300)","(2, 4)",7500,0.9031054330397726,10.358035206270358,GTI_BW
554,327,8,"(200, 300)","(2, 8)",7500,0.9031054330397726,10.358035206270358,GTI_BW
555,327,8,"(200, 300)","(2, 16)",7500,0.9031054330397726,10.358035206270358,GTI_BW
556,327,8,"(200, 300)","(2, 32)",7500,0.9031054330397726,10.358035206270358,GTI_BW
557,327,8,"(200, 300)","(2, 64)",7500,0.9031054330397726,10.358035206270358,GTI_BW
558,327,8,"(200, 300)","(2, 128)",7500,0.9031054330397726,10.358035206270358,GTI_BW
559,327,8,"(200, 300)","(4, 2)",7500,0.9031054330397726,10.358035206270358,GTI_BW
560,327,8,"(200, 300)","(4, 4)",7500,0.9031054330397726,10.358035206270358,GTI_BW
561,327,8,"(200, 300)","(4, 8)",7500,0.9031054330397726,10.358035206270358,GTI_BW
562,327,8,"(200, 300)","(4, 16)",7500,0.9031054330397726,10.358035206270358,GTI_BW
563,327,8,"(200, 300)","(4, 32)",7500,0.9031054330397726,10.358035206270358,GTI_BW
564,327,8,"(200, 300)","(4, 64)",7500,0.9172886694034089,10.197877922643443,GTI_BW
565,327,8,"(200, 300)","(8, 1)",7500,0.9031054330397726,10.358035206270358,GTI_BW
566,327,8,"(200, 300)","(8, 2)",7500,0.9031054330397726,10.358035206270358,GTI_BW
567,327,8,"(200, 300)","(8, 4)",7500,0.9031054330397726,10.358035206270358,GTI_BW
568,327,8,"(200, 300)","(8, 8)",7500,0.9031054330397726,10.358035206270358,GTI_BW
569,327,8,"(200, 300)","(8, 16)",7500,0.9031054330397726,10.358035206270358,GTI_BW
570,327,8,"(200, 300)","(8, 32)",7500,0.9031054330397726,10.358035206270358,GTI_BW
571,327,8,"(200, 300)","(16, 1)",7500,0.9031054330397726,10.358035206270358,GTI_BW
572,327,8,"(200, 300)","(16, 2)",7500,0.9031054330397726,10.358035206270358,GTI_BW
573,327,8,"(200, 300)","(16, 4)",7500,0.9031054330397726,10.358035206270358,GTI_BW
574,327,8,"(200, 300)","(16, 8)",7500,0.9031054330397726,10.358035206270358,GTI_BW
575,327,8,"(200, 300)","(16, 16)",7500,0.9031054330397726,10.358035206270358,GTI_BW
576,327,8,"(200, 300)","(32, 1)",7500,0.9031054330397726,10.358035206270358,GTI_BW
577,327,8,"(200, 300)","(32, 2)",7500,0.9031054330397726,10.358035206270358,GTI_BW
578,327,8,"(200, 300)","(32, 4)",7500,0.9031054330397726,10.358035206270358,GTI_BW
579,327,8,"(200, 300)","(32, 8)",7500,0.9031054330397726,10.358035206270358,GTI_BW
580,327,8,"(200, 300)","(64, 1)",7500,0.9031054330397726,10.358035206270358,GTI_BW
581,327,8,"(200, 300)","(64, 2)",7500,0.9031054330397726,10.358035206270358,GTI_BW
582,327,8,"(200, 300)","(64, 4)",7500,0.9031054330397726,10.358035206270358,GTI_BW
583,327,8,"(200, 300)","(128, 1)",7500,0.9031054330397726,10.358035206270358,GTI_BW
584,327,8,"(200, 300)","(128, 2)",7500,0.9031054330397726,10.358035206270358,GTI_BW
585,327,8,"(200, 300)","(256, 1)",7500,0.9031054330397726,10.358035206270358,GTI_BW
586,327,16,"(200,)","(8,)",25,6.760244379090909,1.3837366440971688,"Trip_Count, Latencies"
587,327,16,"(200, 300)","(1, 8)",7600,1.2937667406060607,7.230358902268555,Compute
588,327,16,"(200,)","(16,)",13,6.763317413636363,1.3831079185400112,"Trip_Count, Latencies"
589,327,16,"(200, 300)","(1, 16)",3800,0.7967311603124999,11.740971530134393,GTI_BW
590,327,16,"(200,)","(32,)",13,6.763317413636363,1.3831079185400112,"Trip_Count, Latencies"
591,327,16,"(200, 300)","(1, 32)",3800,0.7967311603124999,11.740971530134393,GTI_BW
592,327,16,"(200,)","(64,)",13,6.763317413636363,1.3831079185400112,"Trip_Count, Latencies"
593,327,16,"(200, 300)","(1, 64)",3800,0.7967311603124999,11.740971530134393,GTI_BW
594,327,16,"(200,)","(128,)",13,6.763317413636363,1.3831079185400112,"Trip_Count, Latencies"
595,327,16,"(200, 300)","(1, 128)",3800,0.7967311603124999,11.740971530134393,GTI_BW
596,327,16,"(200,)","(256,)",13,9.300712231818181,1.0057722072507695,Trip_Count
597,327,16,"(200, 300)","(1, 256)",3800,0.7967311603124999,11.740971530134393,GTI_BW
598,327,16,"(200, 300)","(2, 4)",7500,1.296839775151515,7.21322560399344,Compute
599,327,16,"(200, 300)","(2, 8)",3800,0.7967311603124999,11.740971530134393,GTI_BW
600,327,16,"(200, 300)","(2, 16)",3800,0.7967311603124999,11.740971530134393,GTI_BW
601,327,16,"(200, 300)","(2, 32)",3800,0.7967311603124999,11.740971530134393,GTI_BW
602,327,16,"(200, 300)","(2, 64)",3800,0.7967311603124999,11.740971530134393,GTI_BW
603,327,16,"(200, 300)","(2, 128)",3800,0.7967311603124999,11.740971530134393,GTI_BW
604,327,16,"(200, 300)","(4, 2)",7500,1.296839775151515,7.21322560399344,Compute
605,327,16,"(200, 300)","(4, 4)",3750,0.7967311603124999,11.740971530134393,GTI_BW
606,327,16,"(200, 300)","(4, 8)",3750,0.7967311603124999,11.740971530134393,GTI_BW
607,327,16,"(200, 300)","(4, 16)",3750,0.7967311603124999,11.740971530134393,GTI_BW
608,327,16,"(200, 300)","(4, 32)",3750,0.7967311603124999,11.740971530134393,GTI_BW
609,327,16,"(200, 300)","(4, 64)",3750,0.7967311603124999,11.740971530134393,GTI_BW
610,327,16,"(200, 300)","(8, 1)",7500,1.296839775151515,7.21322560399344,Compute
611,327,16,"(200, 300)","(8, 2)",3750,0.7967311603124999,11.740971530134393,GTI_BW
612,327,16,"(200, 300)","(8, 4)",3750,0.7967311603124999,11.740971530134393,GTI_BW
613,327,16,"(200, 300)","(8, 8)",3750,0.7967311603124999,11.740971530134393,GTI_BW
614,327,16,"(200, 300)","(8, 16)",3750,0.7967311603124999,11.740971530134393,GTI_BW
615,327,16,"(200, 300)","(8, 32)",3750,0.7967311603124999,11.740971530134393,GTI_BW
616,327,16,"(200, 300)","(16, 1)",3900,0.7936581257670453,11.786432428143133,GTI_BW
617,327,16,"(200, 300)","(16, 2)",3750,0.7967311603124999,11.740971530134393,GTI_BW
618,327,16,"(200, 300)","(16, 4)",3750,0.7967311603124999,11.740971530134393,GTI_BW
619,327,16,"(200, 300)","(16, 8)",3750,0.7967311603124999,11.740971530134393,GTI_BW
620,327,16,"(200, 300)","(16, 16)",3750,0.7967311603124999,11.740971530134393,GTI_BW
621,327,16,"(200, 300)","(32, 1)",3900,0.7936581257670453,11.786432428143133,GTI_BW
622,327,16,"(200, 300)","(32, 2)",3750,0.7967311603124999,11.740971530134393,GTI_BW
623,327,16,"(200, 300)","(32, 4)",3750,0.7967311603124999,11.740971530134393,GTI_BW
624,327,16,"(200, 300)","(32, 8)",3750,0.7967311603124999,11.740971530134393,GTI_BW
625,327,16,"(200, 300)","(64, 1)",3900,0.7936581257670453,11.786432428143133,GTI_BW
626,327,16,"(200, 300)","(64, 2)",3750,0.7967311603124999,11.740971530134393,GTI_BW
627,327,16,"(200, 300)","(64, 4)",3750,0.7967311603124999,11.740971530134393,GTI_BW
628,327,16,"(200, 300)","(128, 1)",3900,0.7936581257670453,11.786432428143133,GTI_BW
629,327,16,"(200, 300)","(128, 2)",3750,0.7967311603124999,11.740971530134393,GTI_BW
630,327,16,"(200, 300)","(256, 1)",3900,0.7936581257670453,11.786432428143133,GTI_BW
631,327,32,"(200,)","(8,)",25,9.297639197272728,1.0061046327915073,Trip_Count
632,327,32,"(200, 300)","(1, 8)",7600,2.3024231093939393,4.062849192328658,Compute
633,327,32,"(200,)","(16,)",13,9.300712231818181,1.0057722072507695,Trip_Count
634,327,32,"(200, 300)","(1, 16)",3800,1.2497982299999997,7.484726450924807,Compute
635,327,32,"(200,)","(32,)",7,8.987735482727272,1.0407958587986248,Trip_Count
636,327,32,"(200, 300)","(1, 32)",2000,0.735270469403409,12.72239027631569,GTI_BW
637,327,32,"(200,)","(64,)",7,8.987735482727272,1.0407958587986248,Trip_Count
638,327,32,"(200, 300)","(1, 64)",2000,0.735270469403409,12.72239027631569,GTI_BW
639,327,32,"(200,)","(128,)",7,8.987735482727272,1.0407958587986248,Trip_Count
640,327,32,"(200, 300)","(1, 128)",2000,0.735270469403409,12.72239027631569,GTI_BW
641,327,32,"(200,)","(256,)",7,8.987735482727272,1.0407958587986248,Trip_Count
642,327,32,"(200, 300)","(1, 256)",2000,0.735270469403409,12.72239027631569,GTI_BW
643,327,32,"(200, 300)","(2, 4)",7500,2.305496143939394,4.057433752379292,Compute
644,327,32,"(200, 300)","(2, 8)",3800,1.2497982299999997,7.484726450924807,Compute
645,327,32,"(200, 300)","(2, 16)",1900,0.7383435039488635,12.669438845700029,GTI_BW
646,327,32,"(200, 300)","(2, 32)",1900,0.7383435039488635,12.669438845700029,GTI_BW
647,327,32,"(200, 300)","(2, 64)",1900,0.7383435039488635,12.669438845700029,GTI_BW
648,327,32,"(200, 300)","(2, 128)",1900,0.7383435039488635,12.669438845700029,GTI_BW
649,327,32,"(200, 300)","(4, 2)",7500,2.305496143939394,4.057433752379292,Compute
650,327,32,"(200, 300)","(4, 4)",3750,1.2497982299999997,7.484726450924807,Compute
651,327,32,"(200, 300)","(4, 8)",1900,0.7383435039488635,12.669438845700029,GTI_BW
652,327,32,"(200, 300)","(4, 16)",1900,0.7383435039488635,12.669438845700029,GTI_BW
653,327,32,"(200, 300)","(4, 32)",1900,0.7383435039488635,12.669438845700029,GTI_BW
654,327,32,"(200, 300)","(4, 64)",1900,0.7383435039488635,12.669438845700029,GTI_BW
655,327,32,"(200, 300)","(8, 1)",7500,2.305496143939394,4.057433752379292,Compute
656,327,32,"(200, 300)","(8, 2)",3750,1.2497982299999997,7.484726450924807,Compute
657,327,32,"(200, 300)","(8, 4)",1875,0.7395254403124999,12.649190089318811,GTI_BW
658,327,32,"(200, 300)","(8, 8)",1875,0.7395254403124999,12.649190089318811,GTI_BW
659,327,32,"(200, 300)","(8, 16)",1875,0.7395254403124999,12.649190089318811,GTI_BW
660,327,32,"(200, 300)","(8, 32)",1875,0.7395254403124999,12.649190089318811,GTI_BW
661,327,32,"(200, 300)","(16, 1)",3900,1.2467251954545453,7.503175442756229,Compute
662,327,32,"(200, 300)","(16, 2)",1950,0.7364524057670453,12.701972044828906,GTI_BW
663,327,32,"(200, 300)","(16, 4)",1875,0.7395254403124999,12.649190089318811,GTI_BW
664,327,32,"(200, 300)","(16, 8)",1875,0.7395254403124999,12.649190089318811,GTI_BW
665,327,32,"(200, 300)","(16, 16)",1875,0.7395254403124999,12.649190089318811,GTI_BW
666,327,32,"(200, 300)","(32, 1)",2100,0.7321974348579544,12.775786181516393,GTI_BW
667,327,32,"(200, 300)","(32, 2)",1950,0.7364524057670453,12.701972044828906,GTI_BW
668,327,32,"(200, 300)","(32, 4)",1875,0.7395254403124999,12.649190089318811,GTI_BW
669,327,32,"(200, 300)","(32, 8)",1875,0.7395254403124999,12.649190089318811,GTI_BW
670,327,32,"(200, 300)","(64, 1)",2100,0.7321974348579544,12.775786181516393,GTI_BW
671,327,32,"(200, 300)","(64, 2)",1950,0.7364524057670453,12.701972044828906,GTI_BW
672,327,32,"(200, 300)","(64, 4)",1875,0.7395254403124999,12.649190089318811,GTI_BW
673,327,32,"(200, 300)","(128, 1)",2100,0.7321974348579544,12.775786181516393,GTI_BW
674,327,32,"(200, 300)","(128, 2)",1950,0.7364524057670453,12.701972044828906,GTI_BW
675,327,32,"(200, 300)","(256, 1)",2100,0.7321974348579544,12.775786181516393,GTI_BW
676,260,8,"(300,)","(8,)",38,14.08893579939394,0.6639534741014576,"Launch_Tax, Trip_Count, Latencies"
677,260,8,"(300,)","(16,)",38,14.08893579939394,0.6639534741014576,"Launch_Tax, Trip_Count, Latencies"
678,260,8,"(300,)","(32,)",38,14.08893579939394,0.6639534741014576,"Launch_Tax, Trip_Count, Latencies"
679,260,8,"(300,)","(64,)",38,14.08893579939394,0.6639534741014576,"Launch_Tax, Trip_Count, Latencies"
680,260,8,"(300,)","(128,)",38,14.934728011515153,0.6263520743857848,"Launch_Tax, Trip_Count, Latencies"
681,260,8,"(300,)","(256,)",38,16.626312435757576,0.5626261329169935,"Launch_Tax, Trip_Count"
682,260,16,"(300,)","(8,)",38,14.934728011515153,0.6263520743857848,"Launch_Tax, Trip_Count, Latencies"
683,260,16,"(300,)","(16,)",19,14.934728011515153,0.6263520743857848,"Launch_Tax, Trip_Count, Latencies"
684,260,16,"(300,)","(32,)",19,14.934728011515153,0.6263520743857848,"Launch_Tax, Trip_Count, Latencies"
685,260,16,"(300,)","(64,)",19,14.934728011515153,0.6263520743857848,"Launch_Tax, Trip_Count, Latencies"
686,260,16,"(300,)","(128,)",19,14.934728011515153,0.6263520743857848,"Launch_Tax, Trip_Count, Latencies"
687,260,16,"(300,)","(256,)",19,16.626312435757576,0.5626261329169935,"Launch_Tax, Trip_Count"
688,260,32,"(300,)","(8,)",38,16.626312435757576,0.5626261329169935,"Launch_Tax, Trip_Count"
689,260,32,"(300,)","(16,)",19,16.626312435757576,0.5626261329169935,"Launch_Tax, Trip_Count"
690,260,32,"(300,)","(32,)",10,16.626312435757576,0.5626261329169935,"Launch_Tax, Trip_Count"
691,260,32,"(300,)","(64,)",10,16.626312435757576,0.5626261329169935,"Launch_Tax, Trip_Count"
692,260,32,"(300,)","(128,)",10,16.626312435757576,0.5626261329169935,"Launch_Tax, Trip_Count"
693,260,32,"(300,)","(256,)",10,16.626312435757576,0.5626261329169935,"Launch_Tax, Trip_Count"
694,260,8,"(300,)","(8,)",38,14.08893579939394,0.6639534741014576,"Launch_Tax, Trip_Count, Latencies"
695,260,8,"(300,)","(16,)",38,14.08893579939394,0.6639534741014576,"Launch_Tax, Trip_Count, Latencies"
696,260,8,"(300,)","(32,)",38,14.08893579939394,0.6639534741014576,"Launch_Tax, Trip_Count, Latencies"
697,260,8,"(300,)","(64,)",38,14.08893579939394,0.6639534741014576,"Launch_Tax, Trip_Count, Latencies"
698,260,8,"(300,)","(128,)",38,14.934728011515153,0.6263520743857848,"Launch_Tax, Trip_Count, Latencies"
699,260,8,"(300,)","(256,)",38,16.626312435757576,0.5626261329169935,"Launch_Tax, Trip_Count"
700,260,16,"(300,)","(8,)",38,14.934728011515153,0.6263520743857848,"Launch_Tax, Trip_Count, Latencies"
701,260,16,"(300,)","(16,)",19,14.934728011515153,0.6263520743857848,"Launch_Tax, Trip_Count, Latencies"
702,260,16,"(300,)","(32,)",19,14.934728011515153,0.6263520743857848,"Launch_Tax, Trip_Count, Latencies"
703,260,16,"(300,)","(64,)",19,14.934728011515153,0.6263520743857848,"Launch_Tax, Trip_Count, Latencies"
704,260,16,"(300,)","(128,)",19,14.934728011515153,0.6263520743857848,"Launch_Tax, Trip_Count, Latencies"
705,260,16,"(300,)","(256,)",19,16.626312435757576,0.5626261329169935,"Launch_Tax, Trip_Count"
706,260,32,"(300,)","(8,)",38,16.626312435757576,0.5626261329169935,"Launch_Tax, Trip_Count"
707,260,32,"(300,)","(16,)",19,16.626312435757576,0.5626261329169935,"Launch_Tax, Trip_Count"
708,260,32,"(300,)","(32,)",10,16.626312435757576,0.5626261329169935,"Launch_Tax, Trip_Count"
709,260,32,"(300,)","(64,)",10,16.626312435757576,0.5626261329169935,"Launch_Tax, Trip_Count"
710,260,32,"(300,)","(128,)",10,16.626312435757576,0.5626261329169935,"Launch_Tax, Trip_Count"
711,260,32,"(300,)","(256,)",10,16.626312435757576,0.5626261329169935,"Launch_Tax, Trip_Count"
712,605,8,"(200,)","(8,)",25,0.07164894906363636,0.9931127634098571,"Trip_Count, Latencies"
713,605,8,"(200, 2400)","(1, 8)",60000,0.07124537994750758,0.9987382459385603,Compute
714,605,8,"(200,)","(16,)",25,0.07164894906363636,0.9931127634098571,"Trip_Count, Latencies"
715,605,8,"(200, 2400)","(1, 16)",60000,0.07124537994750758,0.9987382459385603,Compute
716,605,8,"(200,)","(32,)",25,0.07164894906363636,0.9931127634098571,"Trip_Count, Latencies"
717,605,8,"(200, 2400)","(1, 32)",60000,0.07124537994750758,0.9987382459385603,Compute
718,605,8,"(200,)","(64,)",25,0.07164894906363636,0.9931127634098571,"Trip_Count, Latencies"
719,605,8,"(200, 2400)","(1, 64)",60000,0.07124537994750758,0.9987382459385603,Compute
720,605,8,"(200,)","(128,)",25,0.0718179886909091,0.9907752513961318,Trip_Count
721,605,8,"(200, 2400)","(1, 128)",60000,0.07124537994750758,0.9987382459385603,Compute
722,605,8,"(200,)","(256,)",25,0.07215606794545455,0.9861330838286403,Trip_Count
723,605,8,"(200, 2400)","(1, 256)",60000,0.07124537994750758,0.9987382459385603,Compute
724,605,8,"(200, 2400)","(2, 4)",60000,0.07124537994750758,0.9987382459385603,Compute
725,605,8,"(200, 2400)","(2, 8)",60000,0.07124537994750758,0.9987382459385603,Compute
726,605,8,"(200, 2400)","(2, 16)",60000,0.07124537994750758,0.9987382459385603,Compute
727,605,8,"(200, 2400)","(2, 32)",60000,0.07124537994750758,0.9987382459385603,Compute
728,605,8,"(200, 2400)","(2, 64)",60000,0.07124537994750758,0.9987382459385603,Compute
729,605,8,"(200, 2400)","(2, 128)",60000,0.07124599752255682,0.9987295886687787,Compute
730,605,8,"(200, 2400)","(4, 2)",60000,0.07124537994750758,0.9987382459385603,Compute
731,605,8,"(200, 2400)","(4, 4)",60000,0.07124537994750758,0.9987382459385603,Compute
732,605,8,"(200, 2400)","(4, 8)",60000,0.07124537994750758,0.9987382459385603,Compute
733,605,8,"(200, 2400)","(4, 16)",60000,0.07124537994750758,0.9987382459385603,Compute
734,605,8,"(200, 2400)","(4, 32)",60000,0.07124537994750758,0.9987382459385603,Compute
735,605,8,"(200, 2400)","(4, 64)",60000,0.07124537994750758,0.9987382459385603,Compute
736,605,8,"(200, 2400)","(8, 1)",60000,0.07124537994750758,0.9987382459385603,Compute
737,605,8,"(200, 2400)","(8, 2)",60000,0.07124537994750758,0.9987382459385603,Compute
738,605,8,"(200, 2400)","(8, 4)",60000,0.07124537994750758,0.9987382459385603,Compute
739,605,8,"(200, 2400)","(8, 8)",60000,0.07124537994750758,0.9987382459385603,Compute
740,605,8,"(200, 2400)","(8, 16)",60000,0.07124537994750758,0.9987382459385603,Compute
741,605,8,"(200, 2400)","(8, 32)",60000,0.07124599752255682,0.9987295886687787,Compute
742,605,8,"(200, 2400)","(16, 1)",60000,0.07124537994750758,0.9987382459385603,Compute
743,605,8,"(200, 2400)","(16, 2)",60000,0.07124537994750758,0.9987382459385603,Compute
744,605,8,"(200, 2400)","(16, 4)",60000,0.07124537994750758,0.9987382459385603,Compute
745,605,8,"(200, 2400)","(16, 8)",60000,0.07124537994750758,0.9987382459385603,Compute
746,605,8,"(200, 2400)","(16, 16)",60000,0.07124537994750758,0.9987382459385603,Compute
747,605,8,"(200, 2400)","(32, 1)",60000,0.07124537994750758,0.9987382459385603,Compute
748,605,8,"(200, 2400)","(32, 2)",60000,0.07124537994750758,0.9987382459385603,Compute
749,605,8,"(200, 2400)","(32, 4)",60000,0.07124537994750758,0.9987382459385603,Compute
750,605,8,"(200, 2400)","(32, 8)",60000,0.07124537994750758,0.9987382459385603,Compute
751,605,8,"(200, 2400)","(64, 1)",60000,0.07124537994750758,0.9987382459385603,Compute
752,605,8,"(200, 2400)","(64, 2)",60000,0.07124537994750758,0.9987382459385603,Compute
753,605,8,"(200, 2400)","(64, 4)",60000,0.07124537994750758,0.9987382459385603,Compute
754,605,8,"(200, 2400)","(128, 1)",60000,0.07124537994750758,0.9987382459385603,Compute
755,605,8,"(200, 2400)","(128, 2)",60000,0.07124537994750758,0.9987382459385603,Compute
756,605,8,"(200, 2400)","(256, 1)",60000,0.07124537994750758,0.9987382459385603,Compute
757,605,16,"(200,)","(8,)",25,0.0718179886909091,0.9907752513961318,Trip_Count
758,605,16,"(200, 2400)","(1, 8)",60000,0.0713122986404697,0.9978010407256637,Compute
759,605,16,"(200,)","(16,)",13,0.07181302505454545,0.9908437326787721,Trip_Count
760,605,16,"(200, 2400)","(1, 16)",30000,0.0712367526747803,0.9988592001778729,Compute
761,605,16,"(200,)","(32,)",13,0.07181302505454545,0.9908437326787721,Trip_Count
762,605,16,"(200, 2400)","(1, 32)",30000,0.0712367526747803,0.9988592001778729,Compute
763,605,16,"(200,)","(64,)",13,0.07181302505454545,0.9908437326787721,Trip_Count
764,605,16,"(200, 2400)","(1, 64)",30000,0.0712367526747803,0.9988592001778729,Compute
765,605,16,"(200,)","(128,)",13,0.07181302505454545,0.9908437326787721,Trip_Count
766,605,16,"(200, 2400)","(1, 128)",30000,0.0712367526747803,0.9988592001778729,Compute
767,605,16,"(200,)","(256,)",13,0.07215110430909091,0.9862009248697602,Trip_Count
768,605,16,"(200, 2400)","(1, 256)",30000,0.0712367526747803,0.9988592001778729,Compute
769,605,16,"(200, 2400)","(2, 4)",60000,0.0713122986404697,0.9978010407256637,Compute
770,605,16,"(200, 2400)","(2, 8)",30000,0.0712367526747803,0.9988592001778729,Compute
771,605,16,"(200, 2400)","(2, 16)",30000,0.0712367526747803,0.9988592001778729,Compute
772,605,16,"(200, 2400)","(2, 32)",30000,0.0712367526747803,0.9988592001778729,Compute
773,605,16,"(200, 2400)","(2, 64)",30000,0.0712367526747803,0.9988592001778729,Compute
774,605,16,"(200, 2400)","(2, 128)",30000,0.07123786964306061,0.9988435386477249,Compute
775,605,16,"(200, 2400)","(4, 2)",60000,0.0713122986404697,0.9978010407256637,Compute
776,605,16,"(200, 2400)","(4, 4)",30000,0.0712367526747803,0.9988592001778729,Compute
777,605,16,"(200, 2400)","(4, 8)",30000,0.0712367526747803,0.9988592001778729,Compute
778,605,16,"(200, 2400)","(4, 16)",30000,0.0712367526747803,0.9988592001778729,Compute
779,605,16,"(200, 2400)","(4, 32)",30000,0.0712367526747803,0.9988592001778729,Compute
780,605,16,"(200, 2400)","(4, 64)",30000,0.0712367526747803,0.9988592001778729,Compute
781,605,16,"(200, 2400)","(8, 1)",60000,0.0713122986404697,0.9978010407256637,Compute
782,605,16,"(200, 2400)","(8, 2)",30000,0.0712367526747803,0.9988592001778729,Compute
783,605,16,"(200, 2400)","(8, 4)",30000,0.0712367526747803,0.9988592001778729,Compute
784,605,16,"(200, 2400)","(8, 8)",30000,0.0712367526747803,0.9988592001778729,Compute
785,605,16,"(200, 2400)","(8, 16)",30000,0.0712367526747803,0.9988592001778729,Compute
786,605,16,"(200, 2400)","(8, 32)",30000,0.07123786964306061,0.9988435386477249,Compute
787,605,16,"(200, 2400)","(16, 1)",31200,0.07123974903416667,0.9988171879419977,Compute
788,605,16,"(200, 2400)","(16, 2)",30000,0.0712367526747803,0.9988592001778729,Compute
789,605,16,"(200, 2400)","(16, 4)",30000,0.0712367526747803,0.9988592001778729,Compute
790,605,16,"(200, 2400)","(16, 8)",30000,0.0712367526747803,0.9988592001778729,Compute
791,605,16,"(200, 2400)","(16, 16)",30000,0.0712367526747803,0.9988592001778729,Compute
792,605,16,"(200, 2400)","(32, 1)",31200,0.07123974903416667,0.9988171879419977,Compute
793,605,16,"(200, 2400)","(32, 2)",30000,0.0712367526747803,0.9988592001778729,Compute
794,605,16,"(200, 2400)","(32, 4)",30000,0.0712367526747803,0.9988592001778729,Compute
795,605,16,"(200, 2400)","(32, 8)",30000,0.0712367526747803,0.9988592001778729,Compute
796,605,16,"(200, 2400)","(64, 1)",31200,0.07123974903416667,0.9988171879419977,Compute
797,605,16,"(200, 2400)","(64, 2)",30000,0.0712367526747803,0.9988592001778729,Compute
798,605,16,"(200, 2400)","(64, 4)",30000,0.0712367526747803,0.9988592001778729,Compute
799,605,16,"(200, 2400)","(128, 1)",31200,0.07123974903416667,0.9988171879419977,Compute
800,605,16,"(200, 2400)","(128, 2)",30000,0.0712367526747803,0.9988592001778729,Compute
801,605,16,"(200, 2400)","(256, 1)",31200,0.07123974903416667,0.9988171879419977,Compute
802,605,32,"(200,)","(8,)",25,0.07215606794545455,0.9861330838286403,Trip_Count
803,605,32,"(200, 2400)","(1, 8)",60000,0.07144613602639394,0.9959318971947404,Compute
804,605,32,"(200,)","(16,)",13,0.07215110430909091,0.9862009248697602,Trip_Count
805,605,32,"(200, 2400)","(1, 16)",30000,0.07130367136774242,0.9979217680534546,Compute
806,605,32,"(200,)","(32,)",7,0.07212864976363637,0.9865079414792125,Trip_Count
807,605,32,"(200, 2400)","(1, 32)",15000,0.07123326055215151,0.9989081680166167,Compute
808,605,32,"(200,)","(64,)",7,0.07212864976363637,0.9865079414792125,Trip_Count
809,605,32,"(200, 2400)","(1, 64)",15000,0.07123326055215151,0.9989081680166167,Compute
810,605,32,"(200,)","(128,)",7,0.07212864976363637,0.9865079414792125,Trip_Count
811,605,32,"(200, 2400)","(1, 128)",15000,0.07123326055215151,0.9989081680166167,Compute
812,605,32,"(200,)","(256,)",7,0.07212864976363637,0.9865079414792125,Trip_Count
813,605,32,"(200, 2400)","(1, 256)",15000,0.07123326055215151,0.9989081680166167,Compute
814,605,32,"(200, 2400)","(2, 4)",60000,0.07144613602639394,0.9959318971947404,Compute
815,605,32,"(200, 2400)","(2, 8)",30000,0.07130367136774242,0.9979217680534546,Compute
816,605,32,"(200, 2400)","(2, 16)",15000,0.07123326055215151,0.9989081680166167,Compute
817,605,32,"(200, 2400)","(2, 32)",15000,0.07123326055215151,0.9989081680166167,Compute
818,605,32,"(200, 2400)","(2, 64)",15000,0.07123326055215151,0.9989081680166167,Compute
819,605,32,"(200, 2400)","(2, 128)",15000,0.07123326055215151,0.9989081680166167,Compute
820,605,32,"(200, 2400)","(4, 2)",60000,0.07144613602639394,0.9959318971947404,Compute
821,605,32,"(200, 2400)","(4, 4)",30000,0.07130367136774242,0.9979217680534546,Compute
822,605,32,"(200, 2400)","(4, 8)",15000,0.07123326055215151,0.9989081680166167,Compute
823,605,32,"(200, 2400)","(4, 16)",15000,0.07123326055215151,0.9989081680166167,Compute
824,605,32,"(200, 2400)","(4, 32)",15000,0.07123326055215151,0.9989081680166167,Compute
825,605,32,"(200, 2400)","(4, 64)",15000,0.07123326055215151,0.9989081680166167,Compute
826,605,32,"(200, 2400)","(8, 1)",60000,0.07144613602639394,0.9959318971947404,Compute
827,605,32,"(200, 2400)","(8, 2)",30000,0.07130367136774242,0.9979217680534546,Compute
828,605,32,"(200, 2400)","(8, 4)",15000,0.07123326055215151,0.9989081680166167,Compute
829,605,32,"(200, 2400)","(8, 8)",15000,0.07123326055215151,0.9989081680166167,Compute
830,605,32,"(200, 2400)","(8, 16)",15000,0.07123326055215151,0.9989081680166167,Compute
831,605,32,"(200, 2400)","(8, 32)",15000,0.07123326055215151,0.9989081680166167,Compute
832,605,32,"(200, 2400)","(16, 1)",31200,0.07130966408651515,0.9978379047427836,Compute
833,605,32,"(200, 2400)","(16, 2)",15600,0.07123513994325757,0.9988818139008218,Compute
834,605,32,"(200, 2400)","(16, 4)",15000,0.07123326055215151,0.9989081680166167,Compute
835,605,32,"(200, 2400)","(16, 8)",15000,0.07123326055215151,0.9989081680166167,Compute
836,605,32,"(200, 2400)","(16, 16)",15000,0.07123326055215151,0.9989081680166167,Compute
837,605,32,"(200, 2400)","(32, 1)",16800,0.07124125084384848,0.9987961322571881,Compute
838,605,32,"(200, 2400)","(32, 2)",15600,0.07123513994325757,0.9988818139008218,Compute
839,605,32,"(200, 2400)","(32, 4)",15000,0.07123326055215151,0.9989081680166167,Compute
840,605,32,"(200, 2400)","(32, 8)",15000,0.07123326055215151,0.9989081680166167,Compute
841,605,32,"(200, 2400)","(64, 1)",16800,0.07124125084384848,0.9987961322571881,Compute
842,605,32,"(200, 2400)","(64, 2)",15600,0.07123513994325757,0.9988818139008218,Compute
843,605,32,"(200, 2400)","(64, 4)",15000,0.07123326055215151,0.9989081680166167,Compute
844,605,32,"(200, 2400)","(128, 1)",16800,0.07124125084384848,0.9987961322571881,Compute
845,605,32,"(200, 2400)","(128, 2)",15600,0.07123513994325757,0.9988818139008218,Compute
846,605,32,"(200, 2400)","(256, 1)",16800,0.07124125084384848,0.9987961322571881,Compute
847,605,8,"(200,)","(8,)",25,0.07164894906363636,0.9931127634098571,"Trip_Count, Latencies"
848,605,8,"(200, 2400)","(1, 8)",60000,0.07124537994750758,0.9987382459385603,Compute
849,605,8,"(200,)","(16,)",25,0.07164894906363636,0.9931127634098571,"Trip_Count, Latencies"
850,605,8,"(200, 2400)","(1, 16)",60000,0.07124537994750758,0.9987382459385603,Compute
851,605,8,"(200,)","(32,)",25,0.07164894906363636,0.9931127634098571,"Trip_Count, Latencies"
852,605,8,"(200, 2400)","(1, 32)",60000,0.07124537994750758,0.9987382459385603,Compute
853,605,8,"(200,)","(64,)",25,0.07164894906363636,0.9931127634098571,"Trip_Count, Latencies"
854,605,8,"(200, 2400)","(1, 64)",60000,0.07124537994750758,0.9987382459385603,Compute
855,605,8,"(200,)","(128,)",25,0.0718179886909091,0.9907752513961318,Trip_Count
856,605,8,"(200, 2400)","(1, 128)",60000,0.07124537994750758,0.9987382459385603,Compute
857,605,8,"(200,)","(256,)",25,0.07215606794545455,0.9861330838286403,Trip_Count
858,605,8,"(200, 2400)","(1, 256)",60000,0.07124537994750758,0.9987382459385603,Compute
859,605,8,"(200, 2400)","(2, 4)",60000,0.07124537994750758,0.9987382459385603,Compute
860,605,8,"(200, 2400)","(2, 8)",60000,0.07124537994750758,0.9987382459385603,Compute
861,605,8,"(200, 2400)","(2, 16)",60000,0.07124537994750758,0.9987382459385603,Compute
862,605,8,"(200, 2400)","(2, 32)",60000,0.07124537994750758,0.9987382459385603,Compute
863,605,8,"(200, 2400)","(2, 64)",60000,0.07124537994750758,0.9987382459385603,Compute
864,605,8,"(200, 2400)","(2, 128)",60000,0.07124599752255682,0.9987295886687787,Compute
865,605,8,"(200, 2400)","(4, 2)",60000,0.07124537994750758,0.9987382459385603,Compute
866,605,8,"(200, 2400)","(4, 4)",60000,0.07124537994750758,0.9987382459385603,Compute
867,605,8,"(200, 2400)","(4, 8)",60000,0.07124537994750758,0.9987382459385603,Compute
868,605,8,"(200, 2400)","(4, 16)",60000,0.07124537994750758,0.9987382459385603,Compute
869,605,8,"(200, 2400)","(4, 32)",60000,0.07124537994750758,0.9987382459385603,Compute
870,605,8,"(200, 2400)","(4, 64)",60000,0.07124537994750758,0.9987382459385603,Compute
871,605,8,"(200, 2400)","(8, 1)",60000,0.07124537994750758,0.9987382459385603,Compute
872,605,8,"(200, 2400)","(8, 2)",60000,0.07124537994750758,0.9987382459385603,Compute
873,605,8,"(200, 2400)","(8, 4)",60000,0.07124537994750758,0.9987382459385603,Compute
874,605,8,"(200, 2400)","(8, 8)",60000,0.07124537994750758,0.9987382459385603,Compute
875,605,8,"(200, 2400)","(8, 16)",60000,0.07124537994750758,0.9987382459385603,Compute
876,605,8,"(200, 2400)","(8, 32)",60000,0.07124599752255682,0.9987295886687787,Compute
877,605,8,"(200, 2400)","(16, 1)",60000,0.07124537994750758,0.9987382459385603,Compute
878,605,8,"(200, 2400)","(16, 2)",60000,0.07124537994750758,0.9987382459385603,Compute
879,605,8,"(200, 2400)","(16, 4)",60000,0.07124537994750758,0.9987382459385603,Compute
880,605,8,"(200, 2400)","(16, 8)",60000,0.07124537994750758,0.9987382459385603,Compute
881,605,8,"(200, 2400)","(16, 16)",60000,0.07124537994750758,0.9987382459385603,Compute
882,605,8,"(200, 2400)","(32, 1)",60000,0.07124537994750758,0.9987382459385603,Compute
883,605,8,"(200, 2400)","(32, 2)",60000,0.07124537994750758,0.9987382459385603,Compute
884,605,8,"(200, 2400)","(32, 4)",60000,0.07124537994750758,0.9987382459385603,Compute
885,605,8,"(200, 2400)","(32, 8)",60000,0.07124537994750758,0.9987382459385603,Compute
886,605,8,"(200, 2400)","(64, 1)",60000,0.07124537994750758,0.9987382459385603,Compute
887,605,8,"(200, 2400)","(64, 2)",60000,0.07124537994750758,0.9987382459385603,Compute
888,605,8,"(200, 2400)","(64, 4)",60000,0.07124537994750758,0.9987382459385603,Compute
889,605,8,"(200, 2400)","(128, 1)",60000,0.07124537994750758,0.9987382459385603,Compute
890,605,8,"(200, 2400)","(128, 2)",60000,0.07124537994750758,0.9987382459385603,Compute
891,605,8,"(200, 2400)","(256, 1)",60000,0.07124537994750758,0.9987382459385603,Compute
892,605,16,"(200,)","(8,)",25,0.0718179886909091,0.9907752513961318,Trip_Count
893,605,16,"(200, 2400)","(1, 8)",60000,0.0713122986404697,0.9978010407256637,Compute
894,605,16,"(200,)","(16,)",13,0.07181302505454545,0.9908437326787721,Trip_Count
895,605,16,"(200, 2400)","(1, 16)",30000,0.0712367526747803,0.9988592001778729,Compute
896,605,16,"(200,)","(32,)",13,0.07181302505454545,0.9908437326787721,Trip_Count
897,605,16,"(200, 2400)","(1, 32)",30000,0.0712367526747803,0.9988592001778729,Compute
898,605,16,"(200,)","(64,)",13,0.07181302505454545,0.9908437326787721,Trip_Count
899,605,16,"(200, 2400)","(1, 64)",30000,0.0712367526747803,0.9988592001778729,Compute
900,605,16,"(200,)","(128,)",13,0.07181302505454545,0.9908437326787721,Trip_Count
901,605,16,"(200, 2400)","(1, 128)",30000,0.0712367526747803,0.9988592001778729,Compute
902,605,16,"(200,)","(256,)",13,0.07215110430909091,0.9862009248697602,Trip_Count
903,605,16,"(200, 2400)","(1, 256)",30000,0.0712367526747803,0.9988592001778729,Compute
904,605,16,"(200, 2400)","(2, 4)",60000,0.0713122986404697,0.9978010407256637,Compute
905,605,16,"(200, 2400)","(2, 8)",30000,0.0712367526747803,0.9988592001778729,Compute
906,605,16,"(200, 2400)","(2, 16)",30000,0.0712367526747803,0.9988592001778729,Compute
907,605,16,"(200, 2400)","(2, 32)",30000,0.0712367526747803,0.9988592001778729,Compute
908,605,16,"(200, 2400)","(2, 64)",30000,0.0712367526747803,0.9988592001778729,Compute
909,605,16,"(200, 2400)","(2, 128)",30000,0.07123786964306061,0.9988435386477249,Compute
910,605,16,"(200, 2400)","(4, 2)",60000,0.0713122986404697,0.9978010407256637,Compute
911,605,16,"(200, 2400)","(4, 4)",30000,0.0712367526747803,0.9988592001778729,Compute
912,605,16,"(200, 2400)","(4, 8)",30000,0.0712367526747803,0.9988592001778729,Compute
913,605,16,"(200, 2400)","(4, 16)",30000,0.0712367526747803,0.9988592001778729,Compute
914,605,16,"(200, 2400)","(4, 32)",30000,0.0712367526747803,0.9988592001778729,Compute
915,605,16,"(200, 2400)","(4, 64)",30000,0.0712367526747803,0.9988592001778729,Compute
916,605,16,"(200, 2400)","(8, 1)",60000,0.0713122986404697,0.9978010407256637,Compute
917,605,16,"(200, 2400)","(8, 2)",30000,0.0712367526747803,0.9988592001778729,Compute
918,605,16,"(200, 2400)","(8, 4)",30000,0.0712367526747803,0.9988592001778729,Compute
919,605,16,"(200, 2400)","(8, 8)",30000,0.0712367526747803,0.9988592001778729,Compute
920,605,16,"(200, 2400)","(8, 16)",30000,0.0712367526747803,0.9988592001778729,Compute
921,605,16,"(200, 2400)","(8, 32)",30000,0.07123786964306061,0.9988435386477249,Compute
922,605,16,"(200, 2400)","(16, 1)",31200,0.07123974903416667,0.9988171879419977,Compute
923,605,16,"(200, 2400)","(16, 2)",30000,0.0712367526747803,0.9988592001778729,Compute
924,605,16,"(200, 2400)","(16, 4)",30000,0.0712367526747803,0.9988592001778729,Compute
925,605,16,"(200, 2400)","(16, 8)",30000,0.0712367526747803,0.9988592001778729,Compute
926,605,16,"(200, 2400)","(16, 16)",30000,0.0712367526747803,0.9988592001778729,Compute
927,605,16,"(200, 2400)","(32, 1)",31200,0.07123974903416667,0.9988171879419977,Compute
928,605,16,"(200, 2400)","(32, 2)",30000,0.0712367526747803,0.9988592001778729,Compute
929,605,16,"(200, 2400)","(32, 4)",30000,0.0712367526747803,0.9988592001778729,Compute
930,605,16,"(200, 2400)","(32, 8)",30000,0.0712367526747803,0.9988592001778729,Compute
931,605,16,"(200, 2400)","(64, 1)",31200,0.07123974903416667,0.9988171879419977,Compute
932,605,16,"(200, 2400)","(64, 2)",30000,0.0712367526747803,0.9988592001778729,Compute
933,605,16,"(200, 2400)","(64, 4)",30000,0.0712367526747803,0.9988592001778729,Compute
934,605,16,"(200, 2400)","(128, 1)",31200,0.07123974903416667,0.9988171879419977,Compute
935,605,16,"(200, 2400)","(128, 2)",30000,0.0712367526747803,0.9988592001778729,Compute
936,605,16,"(200, 2400)","(256, 1)",31200,0.07123974903416667,0.9988171879419977,Compute
937,605,32,"(200,)","(8,)",25,0.07215606794545455,0.9861330838286403,Trip_Count
938,605,32,"(200, 2400)","(1, 8)",60000,0.07144613602639394,0.9959318971947404,Compute
939,605,32,"(200,)","(16,)",13,0.07215110430909091,0.9862009248697602,Trip_Count
940,605,32,"(200, 2400)","(1, 16)",30000,0.07130367136774242,0.9979217680534546,Compute
941,605,32,"(200,)","(32,)",7,0.07212864976363637,0.9865079414792125,Trip_Count
942,605,32,"(200, 2400)","(1, 32)",15000,0.07123326055215151,0.9989081680166167,Compute
943,605,32,"(200,)","(64,)",7,0.07212864976363637,0.9865079414792125,Trip_Count
944,605,32,"(200, 2400)","(1, 64)",15000,0.07123326055215151,0.9989081680166167,Compute
945,605,32,"(200,)","(128,)",7,0.07212864976363637,0.9865079414792125,Trip_Count
946,605,32,"(200, 2400)","(1, 128)",15000,0.07123326055215151,0.9989081680166167,Compute
947,605,32,"(200,)","(256,)",7,0.07212864976363637,0.9865079414792125,Trip_Count
948,605,32,"(200, 2400)","(1, 256)",15000,0.07123326055215151,0.9989081680166167,Compute
949,605,32,"(200, 2400)","(2, 4)",60000,0.07144613602639394,0.9959318971947404,Compute
950,605,32,"(200, 2400)","(2, 8)",30000,0.07130367136774242,0.9979217680534546,Compute
951,605,32,"(200, 2400)","(2, 16)",15000,0.07123326055215151,0.9989081680166167,Compute
952,605,32,"(200, 2400)","(2, 32)",15000,0.07123326055215151,0.9989081680166167,Compute
953,605,32,"(200, 2400)","(2, 64)",15000,0.07123326055215151,0.9989081680166167,Compute
954,605,32,"(200, 2400)","(2, 128)",15000,0.07123326055215151,0.9989081680166167,Compute
955,605,32,"(200, 2400)","(4, 2)",60000,0.07144613602639394,0.9959318971947404,Compute
956,605,32,"(200, 2400)","(4, 4)",30000,0.07130367136774242,0.9979217680534546,Compute
957,605,32,"(200, 2400)","(4, 8)",15000,0.07123326055215151,0.9989081680166167,Compute
958,605,32,"(200, 2400)","(4, 16)",15000,0.07123326055215151,0.9989081680166167,Compute
959,605,32,"(200, 2400)","(4, 32)",15000,0.07123326055215151,0.9989081680166167,Compute
960,605,32,"(200, 2400)","(4, 64)",15000,0.07123326055215151,0.9989081680166167,Compute
961,605,32,"(200, 2400)","(8, 1)",60000,0.07144613602639394,0.9959318971947404,Compute
962,605,32,"(200, 2400)","(8, 2)",30000,0.07130367136774242,0.9979217680534546,Compute
963,605,32,"(200, 2400)","(8, 4)",15000,0.07123326055215151,0.9989081680166167,Compute
964,605,32,"(200, 2400)","(8, 8)",15000,0.07123326055215151,0.9989081680166167,Compute
965,605,32,"(200, 2400)","(8, 16)",15000,0.07123326055215151,0.9989081680166167,Compute
966,605,32,"(200, 2400)","(8, 32)",15000,0.07123326055215151,0.9989081680166167,Compute
967,605,32,"(200, 2400)","(16, 1)",31200,0.07130966408651515,0.9978379047427836,Compute
968,605,32,"(200, 2400)","(16, 2)",15600,0.07123513994325757,0.9988818139008218,Compute
969,605,32,"(200, 2400)","(16, 4)",15000,0.07123326055215151,0.9989081680166167,Compute
970,605,32,"(200, 2400)","(16, 8)",15000,0.07123326055215151,0.9989081680166167,Compute
971,605,32,"(200, 2400)","(16, 16)",15000,0.07123326055215151,0.9989081680166167,Compute
972,605,32,"(200, 2400)","(32, 1)",16800,0.07124125084384848,0.9987961322571881,Compute
973,605,32,"(200, 2400)","(32, 2)",15600,0.07123513994325757,0.9988818139008218,Compute
974,605,32,"(200, 2400)","(32, 4)",15000,0.07123326055215151,0.9989081680166167,Compute
975,605,32,"(200, 2400)","(32, 8)",15000,0.07123326055215151,0.9989081680166167,Compute
976,605,32,"(200, 2400)","(64, 1)",16800,0.07124125084384848,0.9987961322571881,Compute
977,605,32,"(200, 2400)","(64, 2)",15600,0.07123513994325757,0.9988818139008218,Compute
978,605,32,"(200, 2400)","(64, 4)",15000,0.07123326055215151,0.9989081680166167,Compute
979,605,32,"(200, 2400)","(128, 1)",16800,0.07124125084384848,0.9987961322571881,Compute
980,605,32,"(200, 2400)","(128, 2)",15600,0.07123513994325757,0.9988818139008218,Compute
981,605,32,"(200, 2400)","(256, 1)",16800,0.07124125084384848,0.9987961322571881,Compute
982,302,8,"(2400,)","(8,)",300,0.07229215314469697,0.9842767534891115,"Launch_Tax, Compute"
983,302,8,"(2400,)","(16,)",300,0.07229215314469697,0.9842767534891115,"Launch_Tax, Compute"
984,302,8,"(2400,)","(32,)",300,0.07229215314469697,0.9842767534891115,"Launch_Tax, Compute"
985,302,8,"(2400,)","(64,)",300,0.07229215314469697,0.9842767534891115,"Launch_Tax, Compute"
986,302,8,"(2400,)","(128,)",300,0.07230623970454546,0.9840849986218669,"Launch_Tax, Compute"
987,302,8,"(2400,)","(256,)",300,0.0724425685469697,0.9822330603016209,"Launch_Tax, Compute"
988,302,16,"(2400,)","(8,)",300,0.07236258594393939,0.9833187257172573,"Launch_Tax, Compute"
989,302,16,"(2400,)","(16,)",150,0.07230623970454546,0.9840849986218669,"Launch_Tax, Compute"
990,302,16,"(2400,)","(32,)",150,0.07230623970454546,0.9840849986218669,"Launch_Tax, Compute"
991,302,16,"(2400,)","(64,)",150,0.07230623970454546,0.9840849986218669,"Launch_Tax, Compute"
992,302,16,"(2400,)","(128,)",150,0.07230623970454546,0.9840849986218669,"Launch_Tax, Compute"
993,302,16,"(2400,)","(256,)",150,0.07233441282424243,0.9837017129439211,"Launch_Tax, Compute"
994,302,32,"(2400,)","(8,)",300,0.07250345154242424,0.9814082541762098,"Launch_Tax, Compute"
995,302,32,"(2400,)","(16,)",150,0.07239075906363636,0.9829360365934211,"Launch_Tax, Compute"
996,302,32,"(2400,)","(32,)",75,0.07233441282424243,0.9837017129439211,"Launch_Tax, Compute"
997,302,32,"(2400,)","(64,)",75,0.07233441282424243,0.9837017129439211,"Launch_Tax, Compute"
998,302,32,"(2400,)","(128,)",75,0.07233441282424243,0.9837017129439211,"Launch_Tax, Compute"
999,302,32,"(2400,)","(256,)",75,0.07233441282424243,0.9837017129439211,"Launch_Tax, Compute"
1000,302,8,"(2400,)","(8,)",300,0.07229215314469697,0.9842767534891115,"Launch_Tax, Compute"
1001,302,8,"(2400,)","(16,)",300,0.07229215314469697,0.9842767534891115,"Launch_Tax, Compute"
1002,302,8,"(2400,)","(32,)",300,0.07229215314469697,0.9842767534891115,"Launch_Tax, Compute"
1003,302,8,"(2400,)","(64,)",300,0.07229215314469697,0.9842767534891115,"Launch_Tax, Compute"
1004,302,8,"(2400,)","(128,)",300,0.07230623970454546,0.9840849986218669,"Launch_Tax, Compute"
1005,302,8,"(2400,)","(256,)",300,0.0724425685469697,0.9822330603016209,"Launch_Tax, Compute"
1006,302,16,"(2400,)","(8,)",300,0.07236258594393939,0.9833187257172573,"Launch_Tax, Compute"
1007,302,16,"(2400,)","(16,)",150,0.07230623970454546,0.9840849986218669,"Launch_Tax, Compute"
1008,302,16,"(2400,)","(32,)",150,0.07230623970454546,0.9840849986218669,"Launch_Tax, Compute"
1009,302,16,"(2400,)","(64,)",150,0.07230623970454546,0.9840849986218669,"Launch_Tax, Compute"
1010,302,16,"(2400,)","(128,)",150,0.07230623970454546,0.9840849986218669,"Launch_Tax, Compute"
1011,302,16,"(2400,)","(256,)",150,0.07233441282424243,0.9837017129439211,"Launch_Tax, Compute"
1012,302,32,"(2400,)","(8,)",300,0.07250345154242424,0.9814082541762098,"Launch_Tax, Compute"
1013,302,32,"(2400,)","(16,)",150,0.07239075906363636,0.9829360365934211,"Launch_Tax, Compute"
1014,302,32,"(2400,)","(32,)",75,0.07233441282424243,0.9837017129439211,"Launch_Tax, Compute"
1015,302,32,"(2400,)","(64,)",75,0.07233441282424243,0.9837017129439211,"Launch_Tax, Compute"
1016,302,32,"(2400,)","(128,)",75,0.07233441282424243,0.9837017129439211,"Launch_Tax, Compute"
1017,302,32,"(2400,)","(256,)",75,0.07233441282424243,0.9837017129439211,"Launch_Tax, Compute"
1018,315,8,"(80008,)","(8,)",10001,0.008013340627272726,0.9991161330084208,"Launch_Tax, GTI_BW"
1019,315,8,"(80008,)","(16,)",10001,0.008013340627272726,0.9991161330084208,"Launch_Tax, GTI_BW"
1020,315,8,"(80008,)","(32,)",10001,0.008013340627272726,0.9991161330084208,"Launch_Tax, GTI_BW"
1021,315,8,"(80008,)","(64,)",10001,0.008013340627272726,0.9991161330084208,"Launch_Tax, GTI_BW"
1022,315,8,"(80008,)","(128,)",10001,0.008013340627272726,0.9991161330084208,"Launch_Tax, GTI_BW"
1023,315,8,"(80008,)","(256,)",10001,0.008013340627272726,0.9991161330084208,"Launch_Tax, GTI_BW"
1024,315,16,"(80008,)","(8,)",10001,0.008013340627272726,0.9991161330084208,"Launch_Tax, GTI_BW"
1025,315,16,"(80008,)","(16,)",5001,0.008013033354545453,0.9991544457328871,"Launch_Tax, GTI_BW"
1026,315,16,"(80008,)","(32,)",5001,0.008013033354545453,0.9991544457328871,"Launch_Tax, GTI_BW"
1027,315,16,"(80008,)","(64,)",5001,0.008013033354545453,0.9991544457328871,"Launch_Tax, GTI_BW"
1028,315,16,"(80008,)","(128,)",5001,0.008013033354545453,0.9991544457328871,"Launch_Tax, GTI_BW"
1029,315,16,"(80008,)","(256,)",5001,0.008013033354545453,0.9991544457328871,"Launch_Tax, GTI_BW"
1030,315,32,"(80008,)","(8,)",10001,0.008013340627272726,0.9991161330084208,"Launch_Tax, GTI_BW"
1031,315,32,"(80008,)","(16,)",5001,0.008013033354545453,0.9991544457328871,"Launch_Tax, GTI_BW"
1032,315,32,"(80008,)","(32,)",2501,0.008013033354545453,0.9991544457328871,"Launch_Tax, GTI_BW"
1033,315,32,"(80008,)","(64,)",2501,0.008013033354545453,0.9991544457328871,"Launch_Tax, GTI_BW"
1034,315,32,"(80008,)","(128,)",2501,0.008013033354545453,0.9991544457328871,"Launch_Tax, GTI_BW"
1035,315,32,"(80008,)","(256,)",2501,0.008013033354545453,0.9991544457328871,"Launch_Tax, GTI_BW"
1036,315,8,"(80008,)","(8,)",10001,0.008013340627272726,0.9991161330084208,"Launch_Tax, GTI_BW"
1037,315,8,"(80008,)","(16,)",10001,0.008013340627272726,0.9991161330084208,"Launch_Tax, GTI_BW"
1038,315,8,"(80008,)","(32,)",10001,0.008013340627272726,0.9991161330084208,"Launch_Tax, GTI_BW"
1039,315,8,"(80008,)","(64,)",10001,0.008013340627272726,0.9991161330084208,"Launch_Tax, GTI_BW"
1040,315,8,"(80008,)","(128,)",10001,0.008013340627272726,0.9991161330084208,"Launch_Tax, GTI_BW"
1041,315,8,"(80008,)","(256,)",10001,0.008013340627272726,0.9991161330084208,"Launch_Tax, GTI_BW"
1042,315,16,"(80008,)","(8,)",10001,0.008013340627272726,0.9991161330084208,"Launch_Tax, GTI_BW"
1043,315,16,"(80008,)","(16,)",5001,0.008013033354545453,0.9991544457328871,"Launch_Tax, GTI_BW"
1044,315,16,"(80008,)","(32,)",5001,0.008013033354545453,0.9991544457328871,"Launch_Tax, GTI_BW"
1045,315,16,"(80008,)","(64,)",5001,0.008013033354545453,0.9991544457328871,"Launch_Tax, GTI_BW"
1046,315,16,"(80008,)","(128,)",5001,0.008013033354545453,0.9991544457328871,"Launch_Tax, GTI_BW"
1047,315,16,"(80008,)","(256,)",5001,0.008013033354545453,0.9991544457328871,"Launch_Tax, GTI_BW"
1048,315,32,"(80008,)","(8,)",10001,0.008013340627272726,0.9991161330084208,"Launch_Tax, GTI_BW"
1049,315,32,"(80008,)","(16,)",5001,0.008013033354545453,0.9991544457328871,"Launch_Tax, GTI_BW"
1050,315,32,"(80008,)","(32,)",2501,0.008013033354545453,0.9991544457328871,"Launch_Tax, GTI_BW"
1051,315,32,"(80008,)","(64,)",2501,0.008013033354545453,0.9991544457328871,"Launch_Tax, GTI_BW"
1052,315,32,"(80008,)","(128,)",2501,0.008013033354545453,0.9991544457328871,"Launch_Tax, GTI_BW"
1053,315,32,"(80008,)","(256,)",2501,0.008013033354545453,0.9991544457328871,"Launch_Tax, GTI_BW"
